customer_id,Revenue,Orders,Units,Average_Order_Value,First_Order,Last_Order,Customer_Segment
C0001,135820.0,7,20,19402.85714285714,2025-01-16 16:46:45.681136227,2026-05-16 15:04:30.054010800,Low Value
C0002,300600.0,9,24,33400.0,2025-02-15 11:05:24.784956991,2026-06-17 16:19:58.319663928,Low Value
C0003,878500.0,13,35,67576.92307692308,2025-01-01 15:41:56.903380676,2026-06-12 21:12:21.028205640,High Value
C0004,1108185.0,16,43,69261.5625,2025-02-05 23:27:09.685937187,2026-05-05 09:34:23.212642528,High Value
C0005,100500.0,4,9,25125.0,2025-05-30 21:43:10.358071614,2026-06-04 19:34:59.219843968,Low Value
C0006,193350.0,6,14,32225.0,2025-04-16 12:47:40.412082416,2026-05-28 04:25:35.347069408,Low Value
C0007,191625.0,7,13,27375.0,2025-01-28 08:44:50.458091618,2026-05-21 12:49:06.829365872,Low Value
C0008,488550.0,6,19,81425.0,2025-02-07 19:56:00.912182436,2026-06-08 20:23:40.124024800,Low Value
C0009,358275.0,8,24,44784.375,2025-04-04 02:30:39.247849570,2026-06-25 20:34:19.611922384,Low Value
C0010,609875.0,7,20,87125.0,2025-02-11 18:07:42.332466493,2026-05-20 23:44:09.409881976,High Value
C0011,483650.0,10,32,48365.0,2025-02-21 13:36:55.883176635,2026-06-01 07:51:15.735147024,Low Value
C0012,552880.0,12,35,46073.333333333336,2025-01-26 14:52:58.715743148,2026-06-05 08:39:56.639327864,Medium Value
C0013,1132800.0,17,60,66635.29411764706,2025-01-17 00:37:44.132826565,2026-06-16 14:10:03.480696136,High Value
C0014,361805.0,11,37,32891.36363636364,2025-02-17 23:16:12.914582916,2026-05-27 12:43:38.443688736,Low Value
C0015,110600.0,5,8,22120.0,2025-01-20 04:30:29.165833166,2026-06-07 18:13:45.285057008,Low Value
C0016,1001050.0,13,38,77003.84615384616,2025-01-12 05:30:06.841368273,2026-06-28 03:31:08.773754752,High Value
C0017,539200.0,9,25,59911.11111111111,2025-01-01 00:00:00.000000000,2026-06-23 18:51:29.417883576,Medium Value
C0018,989000.0,10,34,98900.0,2025-03-11 23:48:28.661732346,2026-06-17 08:28:59.867973592,High Value
C0019,347620.0,10,27,34762.0,2025-02-13 17:13:33.042608521,2026-06-21 22:22:38.191638328,Low Value
C0020,582170.0,10,22,58217.0,2025-01-08 07:18:25.421084216,2026-06-29 08:18:03.096619320,High Value
C0021,719755.0,11,36,65432.27272727273,2025-06-08 15:02:29.069813962,2026-06-10 19:29:30.834166832,High Value
C0022,76675.0,5,14,15335.0,2026-01-28 01:01:04.092818564,2026-04-26 00:33:07.597519504,Low Value
C0023,476370.0,14,46,34026.42857142857,2025-01-20 22:49:25.553110622,2026-06-20 12:21:44.900980192,Low Value
C0024,263000.0,7,21,37571.42857142857,2025-09-18 23:57:24.448889776,2026-06-25 15:20:20.644128824,Low Value
C0025,516350.0,8,27,64543.75,2025-04-14 00:36:52.282456491,2026-06-05 00:48:58.187637528,Low Value
C0026,1095675.0,13,37,84282.69230769231,2025-02-28 23:32:20.788157631,2026-03-23 05:25:47.589517904,High Value
C0027,510750.0,8,25,63843.75,2025-05-07 16:24:00.288057612,2026-05-25 05:46:49.281856368,Low Value
C0028,432300.0,7,18,61757.142857142855,2025-01-22 06:13:19.359871974,2025-12-13 08:41:40.340068012,Low Value
C0029,593250.0,7,24,84750.0,2025-03-08 17:18:44.144828966,2026-05-08 18:41:07.213442688,High Value
C0030,981285.0,9,32,109031.66666666667,2025-04-06 06:50:28.925785157,2026-04-29 20:07:49.533906776,High Value
C0031,767600.0,13,38,59046.153846153844,2025-01-04 06:29:44.516903380,2026-05-17 14:37:25.409081816,High Value
C0032,172160.0,9,25,19128.88888888889,2025-02-02 09:06:26.717343468,2026-06-07 23:27:44.252850568,Low Value
C0033,679630.0,18,55,37757.22222222222,2025-01-16 06:18:47.745549109,2026-06-01 05:14:16.251250248,High Value
C0034,345400.0,14,40,24671.428571428572,2025-01-20 14:58:27.101420284,2026-04-25 11:28:10.178035608,Low Value
C0035,328680.0,14,31,23477.14285714286,2025-02-27 08:17:28.529705941,2026-06-14 07:13:14.318863768,Low Value
C0036,669475.0,16,45,41842.1875,2025-01-27 09:11:55.103020604,2026-06-03 17:25:04.380876176,High Value
C0037,1134350.0,15,55,75623.33333333333,2025-01-12 15:58:04.776955391,2026-06-19 10:11:50.062012400,High Value
C0038,152670.0,8,24,19083.75,2025-03-19 14:57:52.534506901,2026-06-08 07:18:42.704540904,Low Value
C0039,332650.0,4,16,83162.5,2025-02-09 21:38:51.106221244,2026-06-29 00:27:04.644928984,Low Value
C0040,408450.0,9,28,45383.333333333336,2025-07-11 00:08:55.787157430,2026-06-14 04:36:14.834966992,Low Value
C0041,387075.0,9,24,43008.333333333336,2025-01-17 08:28:42.584516903,2026-06-28 08:45:07.741548304,Low Value
C0042,419600.0,8,23,52450.0,2025-01-14 12:26:56.003200640,2026-06-13 02:26:19.995999200,Low Value
C0043,875650.0,10,33,87565.0,2025-02-11 02:25:45.429085817,2026-04-06 04:20:41.528305656,High Value
C0044,478625.0,9,26,53180.555555555555,2025-03-16 13:42:06.985397079,2026-06-16 11:33:03.996799360,Low Value
C0045,493610.0,8,24,61701.25,2025-01-02 17:51:51.742348469,2026-06-10 22:06:30.318063608,Low Value
C0046,513600.0,9,26,57066.666666666664,2025-01-19 12:48:32.262452490,2026-05-19 21:34:14.570914184,Low Value
C0047,334400.0,5,14,66880.0,2025-01-13 10:17:01.164232846,2025-12-20 21:14:04.728945788,Low Value
C0048,871975.0,12,41,72664.58333333333,2025-04-03 21:16:40.280056011,2026-06-21 19:45:38.707741544,High Value
C0049,550430.0,12,37,45869.166666666664,2025-01-18 00:10:39.487897579,2026-05-31 21:23:17.799559912,Medium Value
C0050,1281650.0,12,43,106804.16666666667,2025-02-15 16:19:23.752750550,2026-04-23 22:50:17.403480696,High Value
C0051,444270.0,13,36,34174.61538461538,2025-01-10 01:10:17.163432686,2026-05-20 00:11:14.054810960,Low Value
C0052,400735.0,6,17,66789.16666666667,2025-02-18 12:21:10.334066813,2026-04-06 20:02:38.431686336,Low Value
C0053,649930.0,17,58,38231.17647058824,2025-03-30 15:14:00.408081616,2026-06-25 23:11:19.095819160,High Value
C0054,836500.0,9,33,92944.44444444444,2025-03-01 10:00:18.723744749,2026-05-22 20:13:00.636127224,High Value
C0055,375220.0,7,18,53602.857142857145,2025-02-13 01:31:36.139227845,2026-06-20 07:07:45.933186632,Low Value
C0056,732600.0,15,42,48840.0,2025-01-01 02:36:59.483896779,2026-06-08 15:09:41.156231248,High Value
C0057,963925.0,12,36,80327.08333333333,2025-06-20 09:37:33.330666132,2026-05-31 08:18:20.380076016,High Value
C0058,358970.0,11,27,32633.636363636364,2025-01-07 12:59:29.033806761,2026-06-18 23:43:52.126425280,Low Value
C0059,392925.0,6,26,65487.5,2025-04-19 03:35:28.025605120,2026-05-08 13:27:08.245649128,Low Value
C0060,793650.0,11,33,72150.0,2025-02-10 10:43:48.525705141,2026-05-02 21:23:35.083016600,High Value
C0061,1126200.0,11,31,102381.81818181818,2025-01-13 23:21:58.583716743,2026-06-12 18:35:21.544308856,High Value
C0062,295210.0,8,20,36901.25,2025-02-08 22:05:55.751150230,2026-04-09 00:22:28.109621920,Low Value
C0063,365200.0,8,27,45650.0,2025-08-08 18:54:39.535907180,2026-04-09 08:13:26.561312264,Low Value
C0064,291250.0,6,16,48541.666666666664,2025-02-12 07:12:39.751950390,2025-11-12 12:13:06.397279456,Low Value
C0065,412175.0,6,19,68695.83333333333,2025-04-19 11:26:26.477295458,2026-05-21 18:03:05.797159432,Low Value
C0066,355225.0,6,22,59204.166666666664,2025-05-31 05:34:08.809761952,2025-11-05 17:59:38.395679136,Low Value
C0067,1148245.0,18,54,63791.38888888889,2025-01-15 22:27:49.293858771,2026-05-10 17:46:57.923584712,High Value
C0068,466270.0,7,29,66610.0,2025-01-24 00:05:11.102220444,2026-06-15 19:51:07.093418680,Low Value
C0069,870400.0,10,31,87040.0,2025-08-02 21:37:07.405481096,2026-05-10 04:42:00.504100816,High Value
C0070,328580.0,7,13,46940.0,2025-01-18 15:52:36.391278255,2026-05-29 03:58:30.702140424,Low Value
C0071,269650.0,8,25,33706.25,2025-02-09 13:47:52.654530906,2026-04-20 08:29:34.434886976,Low Value
C0072,86800.0,6,12,14466.666666666666,2025-02-07 17:19:01.428285657,2026-06-26 12:16:16.515303056,Low Value
C0073,174330.0,8,14,21791.25,2025-04-18 19:44:29.573914782,2026-02-23 23:17:56.615323064,Low Value
C0074,710125.0,10,21,71012.5,2025-03-11 08:06:31.758351670,2026-05-16 09:50:31.086217240,High Value
C0075,533940.0,11,33,48540.0,2025-03-08 14:41:44.660932186,2026-05-31 00:27:21.928385672,Medium Value
C0076,234950.0,7,26,33564.28571428572,2025-01-24 05:19:10.070014002,2026-04-01 17:04:02.688537704,Low Value
C0077,618750.0,9,28,68750.0,2025-07-04 11:09:26.753350670,2026-06-27 19:40:10.322064408,High Value
C0078,561025.0,8,25,70128.125,2025-01-03 09:33:48.645729145,2026-02-19 14:38:17.259451888,High Value
C0079,403900.0,5,23,80780.0,2025-03-19 20:11:51.502300460,2026-01-06 10:56:46.281256248,Low Value
C0080,916500.0,8,24,114562.5,2025-02-05 05:08:13.298659732,2026-06-15 17:14:07.609521904,High Value
C0081,798725.0,9,25,88747.22222222222,2025-01-31 23:05:33.426685337,2025-10-09 22:19:45.357071412,High Value
C0082,552225.0,9,22,61358.333333333336,2025-02-12 22:54:36.655331066,2026-04-30 06:35:47.469493896,Medium Value
C0083,423250.0,8,20,52906.25,2025-04-01 09:05:52.150430086,2026-04-27 18:24:59.339867968,Low Value
C0084,294020.0,7,18,42002.857142857145,2025-02-19 11:54:05.689137827,2026-06-26 20:07:14.966993400,Low Value
C0085,450470.0,8,26,56308.75,2025-03-05 02:58:01.176235247,2026-06-14 17:41:12.254450888,Low Value
C0086,306400.0,5,19,61280.0,2025-01-28 13:58:49.425885177,2026-05-25 00:32:50.314062808,Low Value
C0087,573175.0,13,46,44090.38461538462,2025-01-15 04:08:52.906581316,2026-06-14 12:27:13.286657328,High Value
C0088,571450.0,9,32,63494.444444444445,2025-09-05 21:58:26.381276256,2026-06-06 16:03:50.446089216,High Value
C0089,568895.0,14,46,40635.357142857145,2025-01-21 06:40:24.004800960,2026-06-08 02:04:43.736747344,High Value
C0090,519700.0,4,12,129925.0,2025-03-31 20:00:54.730946189,2026-05-02 18:46:35.599119824,Low Value
C0091,611425.0,10,37,61142.5,2025-01-05 11:16:38.839767953,2026-05-19 08:29:17.151430288,High Value
C0092,184545.0,9,24,20505.0,2025-01-13 18:07:59.615923184,2026-05-30 00:54:26.573314664,Low Value
C0093,370345.0,9,28,41149.444444444445,2025-08-23 22:36:27.797559512,2026-06-16 01:05:06.061212240,Low Value
C0094,550600.0,13,47,42353.846153846156,2025-04-10 07:39:09.829965993,2026-04-13 01:11:09.013802760,Medium Value
C0095,408315.0,8,25,51039.375,2025-05-23 11:47:45.453090618,2026-03-05 13:33:11.198239648,Low Value
C0096,489315.0,8,33,61164.375,2025-01-24 02:42:10.586117223,2026-06-20 22:49:42.836567312,Low Value
C0097,130900.0,8,24,16362.5,2025-01-16 08:55:47.229445889,2026-01-29 08:24:57.899579916,Low Value
C0098,1152475.0,11,38,104770.45454545454,2025-02-21 00:31:58.463692738,2026-06-17 03:15:00.900180032,High Value
C0099,571100.0,9,25,63455.555555555555,2025-01-27 14:25:54.070814162,2026-04-19 22:01:36.499299856,High Value
C0100,844650.0,9,26,93850.0,2025-01-31 04:46:37.039407881,2026-05-22 14:59:01.668333664,High Value
C0101,613375.0,10,34,61337.5,2025-01-01 20:55:55.871174234,2026-05-03 05:14:33.534706936,High Value
C0102,1261750.0,14,47,90125.0,2025-01-09 01:37:21.808361672,2026-05-12 14:15:49.149829968,High Value
C0103,547300.0,14,30,39092.857142857145,2025-01-14 17:40:54.970994198,2026-06-19 02:20:51.610322064,Medium Value
C0104,772270.0,13,44,59405.38461538462,2025-04-26 16:07:52.414482896,2026-06-22 19:18:34.062812560,High Value
C0105,431125.0,12,34,35927.083333333336,2025-02-21 08:22:56.915383076,2026-01-07 05:15:42.668533704,Low Value
C0106,260470.0,7,23,37210.0,2025-01-04 11:43:43.484696939,2026-03-17 02:54:16.491298256,Low Value
C0107,641050.0,14,40,45789.28571428572,2025-01-03 06:56:49.161832366,2026-06-18 18:29:53.158631728,High Value
C0108,771070.0,14,36,55076.42857142857,2025-02-16 05:24:21.172234446,2026-06-02 23:06:07.993598720,High Value
C0109,1020550.0,13,46,78503.84615384616,2025-01-03 17:24:47.097419483,2026-06-21 11:54:40.256051208,High Value
C0110,1085830.0,12,41,90485.83333333333,2025-03-08 19:55:43.628725745,2026-03-28 16:15:21.784356872,High Value
C0111,788665.0,12,37,65722.08333333333,2025-01-26 22:43:57.167433486,2026-01-29 21:29:55.319063812,High Value
C0112,423125.0,7,20,60446.42857142857,2025-01-10 03:47:16.647329465,2026-03-16 19:03:18.039607920,Low Value
C0113,313620.0,6,15,52270.0,2025-03-26 17:02:18.987797559,2026-05-01 21:50:39.727945584,Low Value
C0114,418100.0,7,25,59728.57142857143,2025-01-09 06:51:20.776155231,2026-04-17 15:04:47.337467488,Low Value
C0115,807315.0,17,53,47489.117647058825,2025-01-06 05:35:35.227045409,2026-05-24 19:18:51.346269248,High Value
C0116,435610.0,8,19,54451.25,2025-01-14 20:17:54.454890978,2026-03-09 16:58:51.586317264,Low Value
C0117,1104810.0,12,38,92067.5,2025-04-20 03:08:23.380676134,2026-06-25 02:15:23.224644928,High Value
C0118,752035.0,19,49,39580.78947368421,2025-01-12 08:07:06.325265053,2026-05-25 21:28:46.185237048,High Value
C0119,1076875.0,13,37,82836.53846153847,2025-01-28 16:35:48.909781956,2026-06-03 14:48:04.896979392,High Value
C0120,1000590.0,13,47,76968.46153846153,2025-02-14 14:09:28.913782756,2026-05-31 10:55:19.863972792,High Value
C0121,941200.0,9,26,104577.77777777778,2025-01-10 11:38:15.099019803,2026-05-29 06:35:30.186037208,High Value
C0122,150260.0,7,18,21465.714285714286,2025-02-05 10:22:12.266453290,2026-03-08 06:57:58.295659128,Low Value
C0123,925785.0,13,35,71214.23076923077,2025-01-07 15:36:28.517703540,2026-06-23 21:28:28.901780352,High Value
C0124,254600.0,4,11,63650.0,2025-09-04 11:57:33.090618124,2025-10-10 00:56:44.840968192,Low Value
C0125,338230.0,8,29,42278.75,2025-06-10 08:54:20.812162432,2026-05-29 17:03:28.121624320,Low Value
C0126,759475.0,10,39,75947.5,2025-02-28 02:36:24.916983396,2026-05-19 18:57:15.087017400,High Value
C0127,1523575.0,13,42,117198.07692307692,2025-03-25 14:52:24.148829766,2026-06-23 05:46:31.998399680,High Value
C0128,675970.0,12,34,56330.833333333336,2025-04-25 03:29:59.639927986,2026-06-09 06:51:38.059611920,High Value
C0129,1044485.0,9,33,116053.88888888889,2025-01-29 21:22:43.232646529,2026-01-13 13:01:12.734546908,High Value
C0130,227075.0,8,19,28384.375,2025-04-06 22:32:25.829165833,2026-06-12 13:21:22.576515304,Low Value
C0131,550870.0,10,28,55087.0,2025-01-18 10:38:37.423484697,2026-06-24 02:42:27.869573912,Medium Value
C0132,288070.0,8,25,36008.75,2025-01-15 17:13:50.326065213,2026-03-28 08:24:23.332666528,Low Value
C0133,242300.0,11,26,22027.272727272728,2025-02-18 09:44:10.850170034,2026-06-16 08:56:04.512902576,Low Value
C0134,192425.0,11,37,17493.18181818182,2025-01-20 01:53:29.681936387,2026-05-08 16:04:07.729545904,Low Value
C0135,1013005.0,13,40,77923.46153846153,2025-02-24 09:38:42.464492898,2026-06-24 00:05:28.385677136,High Value
C0136,231860.0,7,18,33122.857142857145,2025-01-21 09:17:23.488697739,2026-06-22 03:36:37.159431888,Low Value
C0137,205130.0,10,26,20513.0,2025-04-20 00:31:23.896779356,2026-06-12 08:07:23.608721744,Low Value
C0138,770345.0,11,42,70031.36363636363,2025-01-28 19:12:48.393678735,2026-06-03 01:43:07.477495496,High Value
C0139,293975.0,7,22,41996.42857142857,2025-07-24 20:26:50.242048408,2026-06-27 14:26:11.354270856,Low Value
C0140,365455.0,10,28,36545.5,2025-02-24 01:47:44.012802560,2026-03-09 06:30:53.650730144,Low Value
C0141,52660.0,5,15,10532.0,2025-01-19 20:39:30.714142828,2026-06-22 08:50:36.127225440,Low Value
C0142,637415.0,13,37,49031.92307692308,2025-01-13 02:26:02.712542508,2026-06-24 13:10:25.805161032,High Value
C0143,1107175.0,15,46,73811.66666666667,2025-02-17 02:20:17.043408681,2026-06-04 14:21:00.252050408,High Value
C0144,408725.0,9,23,45413.88888888889,2025-01-01 07:50:58.451690338,2026-03-25 09:45:37.267453488,Low Value
C0145,610540.0,13,41,46964.61538461538,2025-01-07 20:50:27.485497099,2026-06-17 13:42:58.835767152,High Value
C0146,545400.0,14,31,38957.142857142855,2025-01-25 23:11:01.812362472,2026-06-15 04:09:10.190038008,Medium Value
C0147,642330.0,12,39,53527.5,2025-01-15 14:36:50.842168433,2026-05-30 11:22:24.508901776,High Value
C0148,524250.0,3,10,174750.0,2025-04-21 13:09:16.671334266,2026-06-18 21:06:52.642528504,Medium Value
C0149,621150.0,6,16,103525.0,2025-02-02 11:43:26.201240248,2025-08-21 20:53:37.603520704,High Value
C0150,797150.0,14,43,56939.28571428572,2025-01-11 11:11:10.454090818,2026-05-15 10:17:35.731146224,High Value
C0151,461240.0,8,21,57655.0,2025-05-21 15:18:54.226845368,2026-04-25 14:05:09.661932384,Low Value
C0152,586290.0,10,24,58629.0,2025-01-21 22:22:20.908181636,2026-06-13 15:31:17.415483096,High Value
C0153,703500.0,8,36,87937.5,2025-02-14 16:46:28.397679535,2025-12-21 07:42:02.664532904,High Value
C0154,616760.0,12,26,51396.666666666664,2025-01-23 13:37:13.166633326,2026-06-20 04:30:46.449289856,High Value
C0155,262635.0,8,18,32829.375,2025-04-19 00:58:28.541708342,2026-03-07 04:48:03.456691336,Low Value
C0156,472235.0,13,41,36325.769230769234,2025-02-10 18:34:46.977395479,2026-05-10 15:09:58.439687936,Low Value
C0157,449655.0,7,28,64236.42857142857,2025-01-14 15:03:55.487097419,2026-05-20 15:53:10.958191640,Low Value
C0158,340990.0,8,24,42623.75,2025-04-04 15:35:36.667333466,2026-02-28 15:48:34.422884576,Low Value
C0159,1382975.0,22,65,62862.5,2025-01-10 22:06:13.034606921,2026-06-22 00:59:37.675535104,High Value
C0160,332075.0,7,22,47439.28571428572,2025-05-04 15:08:14.738947790,2026-05-16 20:18:29.021804360,Low Value
C0161,600950.0,13,32,46226.92307692308,2025-01-08 04:41:25.937187437,2026-06-11 11:11:27.737547504,High Value
C0162,628790.0,6,24,104798.33333333333,2025-02-22 07:55:52.270454091,2026-03-02 09:40:26.165233048,High Value
C0163,904050.0,10,36,90405.0,2025-01-01 23:32:55.355071014,2026-06-24 21:01:24.256851368,High Value
C0164,926425.0,13,37,71263.46153846153,2025-01-31 15:14:34.974994999,2026-06-25 07:29:22.192438488,High Value
C0165,639625.0,11,33,58147.72727272727,2025-05-12 19:22:36.031206240,2026-03-06 05:15:08.101620320,High Value
C0166,492600.0,7,21,70371.42857142857,2025-02-26 03:30:34.206841368,2026-04-01 09:13:04.236847368,Low Value
C0167,204675.0,9,26,22741.666666666668,2025-05-20 20:59:57.839567914,2026-05-04 17:52:26.309261848,Low Value
C0168,790825.0,7,21,112975.0,2025-01-02 12:37:52.774554910,2026-03-29 18:25:16.623324664,High Value
C0169,68175.0,9,27,7575.0,2025-03-21 08:49:44.276855371,2026-06-17 05:52:00.384076816,Low Value
C0170,142925.0,4,12,35731.25,2025-01-07 23:27:26.969393878,2026-03-16 00:44:21.652330464,Low Value
C0171,390275.0,9,28,43363.88888888889,2025-01-30 10:27:40.652130426,2026-02-22 10:40:03.840768152,Low Value
C0172,104200.0,8,24,13025.0,2025-02-28 18:18:21.820364073,2026-06-13 18:08:16.899379872,Low Value
C0173,144000.0,3,7,48000.0,2025-01-02 10:00:53.290658131,2026-01-23 13:44:25.253050608,Low Value
C0174,424055.0,15,38,28270.333333333332,2025-03-10 21:38:33.822764553,2026-03-31 22:45:06.301260248,Low Value
C0175,642775.0,7,25,91825.0,2025-01-07 02:31:31.098219643,2026-04-06 01:43:42.044408880,High Value
C0176,876835.0,11,41,79712.27272727272,2025-01-24 15:47:08.005601120,2026-06-11 03:20:29.285857168,High Value
C0177,585395.0,11,28,53217.72727272727,2025-01-30 05:13:41.684336867,2026-03-04 21:51:14.294858968,High Value
C0178,484140.0,6,24,80690.0,2025-01-04 14:20:42.968593718,2025-09-22 19:32:06.385277056,Low Value
C0179,714475.0,14,39,51033.92857142857,2025-02-19 19:45:04.140828165,2026-06-17 18:56:57.803560712,High Value
C0180,1075160.0,8,28,134395.0,2025-01-22 03:36:19.875975195,2026-06-28 19:13:05.677135424,High Value
C0181,877280.0,9,31,97475.55555555556,2025-01-17 16:19:41.036207241,2026-03-19 15:05:04.620924184,High Value
C0182,766815.0,11,35,69710.45454545454,2025-01-01 05:13:58.967793558,2026-06-27 09:12:12.386477296,High Value
C0183,242210.0,11,29,22019.090909090908,2025-05-19 05:45:05.581116222,2026-05-30 08:45:25.025005000,Low Value
C0184,920310.0,20,53,46015.5,2025-01-25 07:29:04.908981796,2026-06-29 21:23:00.516103216,High Value
C0185,604450.0,15,44,40296.666666666664,2025-03-30 17:50:59.891978395,2026-06-20 20:12:43.352670536,High Value
C0186,383510.0,13,39,29500.76923076923,2025-02-13 06:45:35.107021404,2026-06-04 03:53:02.316463288,Low Value
C0187,667225.0,15,49,44481.666666666664,2025-01-15 06:45:52.390478095,2026-06-10 03:47:33.930786152,High Value
C0188,266700.0,9,24,29633.333333333332,2025-01-23 03:09:15.231046209,2026-06-03 06:57:06.445289056,Low Value
C0189,908455.0,10,29,90845.5,2025-01-06 18:40:32.646529305,2026-06-28 11:22:07.225445088,High Value
C0190,944700.0,9,33,104966.66666666667,2025-03-28 08:17:11.246249250,2026-05-15 20:45:33.666733344,High Value
C0191,179050.0,8,20,22381.25,2025-03-09 22:05:38.467693538,2026-06-03 09:34:05.929185832,Low Value
C0192,750075.0,11,31,68188.63636363637,2025-01-12 21:12:03.744748949,2026-04-23 12:22:19.467893576,High Value
C0193,597650.0,8,25,74706.25,2025-07-30 17:44:22.372474496,2026-06-06 05:35:52.510502096,High Value
C0194,858970.0,13,42,66074.61538461539,2025-02-02 16:57:25.169033806,2026-06-19 04:57:51.094218840,High Value
C0195,848325.0,15,47,56555.0,2025-02-13 04:08:35.623124625,2026-06-22 06:13:36.643328664,High Value
C0196,439625.0,8,23,54953.125,2025-02-27 13:31:27.497499500,2026-04-07 14:21:34.818963792,Low Value
C0197,427940.0,8,28,53492.5,2025-01-28 06:07:50.974194839,2026-04-14 19:03:00.756151232,Low Value
C0198,531320.0,11,40,48301.818181818184,2025-04-17 17:34:34.734946990,2026-06-13 07:40:18.963792760,Medium Value
C0199,846310.0,11,37,76937.27272727272,2025-03-14 22:27:14.726945389,2026-04-22 15:26:23.596719344,High Value
C0200,339050.0,7,25,48435.71428571428,2025-03-17 21:06:00.792158431,2026-06-24 18:24:24.772954592,Low Value
C0201,191825.0,9,27,21313.88888888889,2025-01-04 16:57:42.452490498,2026-05-29 09:12:29.669933984,Low Value
C0202,668025.0,10,28,66802.5,2025-01-01 18:18:56.387277455,2026-03-02 22:45:23.584716944,High Value
C0203,788605.0,11,36,71691.36363636363,2025-02-07 14:42:01.944388877,2026-05-26 15:47:42.572514504,High Value
C0204,272930.0,10,25,27293.0,2025-04-11 22:54:02.088417683,2026-06-23 11:00:30.966193240,Low Value
C0205,353625.0,6,22,58937.5,2025-10-12 10:30:33.486697340,2026-05-06 16:58:17.019403880,Low Value
C0206,385150.0,12,28,32095.833333333332,2025-01-05 21:44:36.775355071,2026-05-09 23:28:01.536307256,Low Value
C0207,107175.0,7,19,15310.714285714286,2025-03-06 10:21:54.982996599,2026-03-29 10:34:18.171634328,Low Value
C0208,793650.0,12,37,66137.5,2025-01-03 04:19:49.677935587,2026-05-18 08:56:21.796359272,High Value
C0209,637900.0,11,35,57990.90909090909,2025-04-10 12:53:08.797759552,2026-06-05 16:30:55.091018200,High Value
C0210,311160.0,8,22,38895.0,2025-04-16 20:38:38.863772754,2026-06-18 13:15:54.190838168,Low Value
C0211,286775.0,6,17,47795.833333333336,2025-02-11 07:39:44.396879375,2026-06-27 03:58:13.418683736,Low Value
C0212,607890.0,12,43,50657.5,2025-01-24 23:38:06.457291458,2026-06-17 21:33:57.287457488,High Value
C0213,783850.0,8,23,97981.25,2025-05-31 02:57:09.325865172,2026-06-30 00:00:00.000000000,High Value
C0214,59620.0,5,13,11924.0,2025-08-20 13:29:43.796759352,2026-04-09 16:04:25.013002600,Low Value
C0215,1382075.0,13,48,106313.46153846153,2025-03-10 03:19:37.435487097,2026-06-04 01:16:02.832566512,High Value
C0216,733000.0,7,17,104714.28571428571,2025-03-20 14:30:47.889577915,2026-05-01 00:54:43.856771352,High Value
C0217,328090.0,6,20,54681.666666666664,2025-01-20 09:44:28.133626725,2026-01-18 05:31:50.542108420,Low Value
C0218,421000.0,5,20,84200.0,2025-02-11 10:16:43.880776155,2026-03-01 17:58:29.261852368,Low Value
C0219,691000.0,14,41,49357.142857142855,2025-01-21 04:03:24.520904180,2026-05-22 17:36:01.152230448,High Value
C0220,79190.0,7,17,11312.857142857143,2025-02-13 11:59:34.074814963,2026-06-12 05:30:24.124824960,Low Value
C0221,781375.0,14,42,55812.5,2025-02-06 04:41:08.653730746,2026-05-23 11:54:57.539507896,High Value
C0222,741490.0,14,37,52963.57142857143,2025-02-14 19:23:27.881576315,2026-06-14 22:55:11.222244448,High Value
C0223,306250.0,7,22,43750.0,2025-01-31 10:00:36.007201440,2026-04-26 03:10:07.081416280,Low Value
C0224,384200.0,11,26,34927.27272727273,2025-03-05 23:53:57.047409482,2026-06-29 13:32:02.064412880,Low Value
C0225,440315.0,9,23,48923.88888888889,2025-05-02 02:57:26.609321864,2026-06-22 16:41:34.578915784,Low Value
C0226,602530.0,11,39,54775.454545454544,2025-01-25 10:06:04.392878575,2026-05-09 07:46:04.632926584,High Value
C0227,549215.0,14,40,39229.642857142855,2025-02-11 15:30:42.848569714,2026-04-05 12:38:44.624924984,Medium Value
C0228,666065.0,11,31,60551.36363636364,2025-03-18 18:01:56.663332666,2026-06-04 06:30:01.800360072,High Value
C0229,482525.0,8,22,60315.625,2025-03-08 04:13:46.725345069,2026-06-27 01:21:13.934786952,Low Value
C0230,648000.0,10,32,64800.0,2025-03-29 20:55:04.020804161,2026-04-15 10:44:57.659531904,High Value
C0231,573875.0,12,46,47822.916666666664,2025-01-06 13:26:33.678735747,2026-04-18 17:14:42.176435288,High Value
C0232,469550.0,11,35,42686.36363636364,2025-03-14 06:45:17.823564713,2026-06-07 20:50:44.768953792,Low Value
C0233,788610.0,10,25,78861.0,2025-01-26 01:48:01.296259251,2026-04-14 16:26:01.272254448,High Value
C0234,1169700.0,11,35,106336.36363636363,2025-01-09 22:33:17.679535907,2026-03-25 01:54:38.815763152,High Value
C0235,675910.0,9,26,75101.11111111111,2025-01-02 15:14:52.258451690,2026-05-06 09:07:18.567713544,High Value
C0236,372250.0,9,27,41361.11111111111,2025-02-09 11:10:53.170634126,2026-01-01 18:26:08.473694736,Low Value
C0237,868100.0,10,33,86810.0,2025-01-31 07:23:36.523304661,2026-06-05 19:07:54.574914984,High Value
C0238,366190.0,9,25,40687.77777777778,2025-01-18 23:43:34.842968593,2026-04-16 05:03:54.046809360,Low Value
C0239,530750.0,6,23,88458.33333333333,2025-01-12 10:44:05.809161832,2026-02-28 02:43:37.003400680,Medium Value
C0240,758030.0,8,24,94753.75,2025-02-14 01:04:31.494298859,2026-04-07 03:53:36.883376672,High Value
C0241,221800.0,8,19,27725.0,2025-05-08 10:42:56.675335066,2026-06-12 02:53:24.640928184,Low Value
C0242,415725.0,10,29,41572.5,2025-04-21 23:37:14.606921384,2026-04-14 21:40:00.240048008,Low Value
C0243,466300.0,7,27,66614.28571428571,2025-02-22 23:37:49.173834767,2026-06-09 22:33:34.962992600,Low Value
C0244,989695.0,13,47,76130.38461538461,2025-01-06 10:49:34.194838967,2026-05-23 04:03:59.087817560,High Value
C0245,517920.0,13,38,39840.0,2025-04-23 01:47:09.445889178,2026-04-28 12:43:55.727145424,Low Value
C0246,626495.0,13,41,48191.92307692308,2025-02-25 14:25:36.787357471,2026-06-19 18:02:48.513702736,High Value
C0247,158260.0,4,6,39565.0,2025-05-09 10:15:52.030406080,2026-04-14 08:35:02.820564112,Low Value
C0248,508450.0,12,42,42370.833333333336,2025-01-27 11:48:54.586917383,2026-05-03 13:05:31.986397280,Low Value
C0249,265595.0,10,28,26559.5,2025-02-09 03:19:54.718943788,2026-05-07 06:03:14.438887776,Low Value
C0250,623105.0,8,24,77888.125,2025-03-22 05:45:40.148029606,2026-04-06 14:48:39.463892776,High Value
C0251,574425.0,9,27,63825.0,2025-01-04 22:11:41.420284056,2026-02-10 08:14:01.128225644,High Value
C0252,864575.0,13,45,66505.76923076923,2025-01-06 02:58:35.743148629,2026-05-02 05:41:38.179635928,High Value
C0253,681430.0,14,43,48673.57142857143,2025-04-05 07:17:33.570714142,2026-06-18 15:52:53.674734944,High Value
C0254,270925.0,6,21,45154.166666666664,2025-02-25 03:57:38.851770354,2026-04-29 01:48:53.146629328,Low Value
C0255,293475.0,10,29,29347.5,2025-01-30 07:50:41.168233646,2026-04-27 15:47:59.855971192,Low Value
C0256,35190.0,3,6,11730.0,2025-05-24 06:06:41.840368074,2025-12-25 13:44:42.536507300,Low Value
C0257,656500.0,10,30,65650.0,2025-05-22 04:23:51.646329266,2026-06-15 22:28:06.577315464,High Value
C0258,969015.0,12,29,80751.25,2025-01-24 21:01:06.973394678,2026-06-15 12:00:08.641728344,High Value
C0259,234325.0,9,21,26036.11111111111,2025-02-23 04:51:48.141628325,2026-05-29 14:26:28.637727544,Low Value
C0260,261845.0,9,26,29093.88888888889,2025-02-11 20:44:41.816363272,2026-06-01 23:33:12.638527704,Low Value
C0261,522600.0,9,28,58066.666666666664,2025-02-06 12:32:07.105421084,2026-05-30 06:08:25.541108216,Medium Value
C0262,184525.0,6,10,30754.166666666668,2025-03-29 10:27:06.085217043,2026-02-14 06:25:42.548509700,Low Value
C0263,435170.0,11,29,39560.90909090909,2025-05-06 16:51:04.932986596,2026-05-14 21:12:38.311662328,Low Value
C0264,633670.0,14,40,45262.142857142855,2025-01-11 19:02:08.905781156,2026-06-29 05:41:03.612722544,High Value
C0265,349150.0,6,12,58191.666666666664,2025-03-02 09:33:14.078815763,2026-03-06 02:38:08.617723544,Low Value
C0266,1049680.0,13,34,80744.61538461539,2025-02-18 17:35:09.301860372,2026-06-26 07:02:17.547509496,High Value
C0267,267735.0,14,35,19123.928571428572,2025-02-05 02:31:13.814762952,2026-04-22 20:40:22.564512904,Low Value
C0268,536600.0,6,19,89433.33333333333,2025-09-07 15:50:18.123624724,2026-03-23 15:53:45.525105016,Medium Value
C0269,477200.0,10,30,47720.0,2025-04-27 15:40:47.769553910,2026-05-04 23:06:25.277055408,Low Value
C0270,382600.0,7,21,54657.142857142855,2025-03-27 08:44:15.891178235,2026-06-26 14:53:15.999199840,Low Value
C0271,412070.0,10,19,41207.0,2025-05-06 14:14:05.449089818,2026-01-19 12:55:44.348869772,Low Value
C0272,1226655.0,14,46,87618.21428571429,2025-03-02 04:19:15.111022204,2026-06-11 05:57:28.769753952,High Value
C0273,343990.0,11,32,31271.81818181818,2025-01-30 02:36:42.200440088,2026-01-09 12:12:31.830366072,Low Value
C0274,1105360.0,15,42,73690.66666666667,2025-01-19 18:02:31.230246049,2026-05-14 05:30:41.408281656,High Value
C0275,1266725.0,15,52,84448.33333333333,2025-02-25 11:48:37.303460692,2026-06-17 00:38:01.416283256,High Value
C0276,340000.0,5,13,68000.0,2025-08-12 09:15:22.504500900,2025-12-24 08:57:48.213642728,Low Value
C0277,230750.0,9,30,25638.88888888889,2025-01-05 13:53:38.323664732,2025-11-18 17:21:36.979395876,Low Value
C0278,464035.0,14,35,33145.357142857145,2025-01-13 20:44:59.099819964,2026-06-05 21:44:54.058811760,Low Value
C0279,354310.0,12,35,29525.833333333332,2025-02-06 17:46:06.073214643,2026-05-17 06:46:26.957391480,Low Value
C0280,710025.0,8,30,88753.125,2025-03-17 05:24:03.888777755,2026-06-24 05:19:27.353470696,High Value
C0281,98030.0,5,11,19606.0,2025-02-27 23:59:25.433086617,2026-05-14 18:35:38.827765552,Low Value
C0282,323935.0,13,34,24918.076923076922,2025-03-25 09:38:25.181036207,2026-05-25 08:23:48.765753152,Low Value
C0283,450130.0,11,32,40920.90909090909,2025-01-04 19:34:41.936387277,2026-05-20 05:25:13.022604520,Low Value
C0284,580600.0,4,15,145150.0,2025-01-15 09:22:51.874374875,2026-06-11 16:25:26.705341064,High Value
C0285,615945.0,14,38,43996.07142857143,2025-01-05 00:48:40.904180836,2026-06-06 18:40:49.929985992,High Value
C0286,891275.0,15,47,59418.333333333336,2025-01-16 19:23:45.165033006,2026-05-04 15:15:26.825365072,High Value
C0287,558850.0,11,34,50804.545454545456,2025-03-17 18:29:01.308261652,2026-06-08 17:46:40.640128024,High Value
C0288,152500.0,9,23,16944.444444444445,2025-03-12 23:21:24.016803360,2026-05-02 13:32:36.631326264,Low Value
C0289,549825.0,11,33,49984.09090909091,2025-03-13 15:03:20.920184037,2026-06-02 04:47:11.606321264,Medium Value
C0290,363820.0,8,18,45477.5,2025-07-25 14:45:46.629325864,2026-05-18 03:42:22.828565712,Low Value
C0291,306200.0,7,21,43742.857142857145,2025-01-23 18:51:12.134426885,2026-03-07 23:06:59.843968792,Low Value
C0292,1020630.0,12,39,85052.5,2025-01-26 09:38:59.747949589,2026-06-09 09:28:37.543508696,High Value
C0293,443580.0,13,45,34121.53846153846,2025-01-17 11:05:42.068413682,2026-06-22 21:55:33.546709336,Low Value
C0294,378230.0,9,26,42025.555555555555,2025-04-16 07:33:41.444288858,2026-06-15 14:37:08.125625120,Low Value
C0295,371075.0,11,35,33734.09090909091,2025-03-01 17:51:17.175435087,2026-05-05 01:43:24.760952192,Low Value
C0296,355745.0,11,36,32340.454545454544,2025-03-19 12:20:53.050610122,2026-06-17 11:05:59.351870376,Low Value
C0297,1076100.0,14,51,76864.28571428571,2025-01-19 10:11:32.778555711,2026-05-26 02:42:45.153030608,High Value
C0298,627750.0,14,45,44839.28571428572,2025-01-29 10:54:45.297059412,2026-06-19 20:39:47.997599520,High Value
C0299,438500.0,8,20,54812.5,2025-01-19 04:57:33.810762152,2026-06-02 07:24:11.090218040,Low Value
C0300,1355175.0,14,41,96798.21428571429,2025-03-27 16:35:14.342868573,2026-05-23 19:45:55.991198240,High Value
C0301,694850.0,5,21,138970.0,2025-03-05 08:12:00.144028806,2026-05-25 16:14:47.217443488,High Value
C0302,1037275.0,11,31,94297.72727272728,2025-01-14 04:35:57.551510302,2026-06-07 07:45:47.349469896,High Value
C0303,421275.0,7,25,60182.142857142855,2025-01-18 02:47:38.971794358,2025-08-27 12:57:10.766153228,Low Value
C0304,825355.0,11,39,75032.27272727272,2025-04-27 23:31:46.221244248,2026-06-10 11:38:32.382476496,High Value
C0305,432070.0,6,21,72011.66666666667,2025-02-07 01:37:04.524904981,2026-05-04 12:38:27.341468288,Low Value
C0306,344000.0,2,9,172000.0,2025-11-12 06:59:07.429485896,2025-12-02 11:02:31.950390076,Low Value
C0307,1475130.0,11,36,134102.72727272726,2025-01-12 00:16:07.873574714,2026-06-23 16:14:29.933986792,High Value
C0308,281475.0,7,20,40210.71428571428,2025-01-11 03:20:12.002400480,2026-05-20 10:39:11.990398080,Low Value
C0309,597150.0,7,20,85307.14285714286,2025-01-07 10:22:29.549909982,2026-05-04 20:29:25.793158632,High Value
C0310,463710.0,10,24,46371.0,2025-01-27 01:20:56.651330266,2025-10-11 10:57:38.131626324,Low Value
C0311,394020.0,9,16,43780.0,2025-01-08 09:55:24.904980996,2026-06-06 02:58:53.026605320,Low Value
C0312,1025950.0,10,31,102595.0,2025-02-04 18:40:15.363072614,2026-05-01 16:36:40.760152032,High Value
C0313,342040.0,13,42,26310.76923076923,2025-02-23 23:10:44.528905781,2026-03-30 02:16:15.075015000,Low Value
C0314,637200.0,7,22,91028.57142857143,2025-04-24 22:16:00.672134426,2026-05-23 06:40:58.571714344,High Value
C0315,115140.0,7,20,16448.571428571428,2025-02-05 15:36:11.234246849,2026-02-13 19:57:44.612922584,Low Value
C0316,743700.0,10,36,74370.0,2025-03-07 09:54:50.338067613,2026-05-11 19:56:52.762552512,High Value
C0317,393075.0,10,24,39307.5,2025-03-31 06:55:57.311462292,2026-05-27 20:34:36.895379072,Low Value
C0318,980600.0,13,37,75430.76923076923,2025-04-28 15:13:43.124624924,2026-06-16 22:01:01.932386472,High Value
C0319,901250.0,12,26,75104.16666666667,2025-01-01 10:27:57.935587117,2026-06-16 03:42:05.545109016,High Value
C0320,391130.0,6,20,65188.333333333336,2025-01-29 05:40:46.329265853,2026-05-05 17:25:21.664332864,Low Value
C0321,576775.0,14,47,41198.21428571428,2025-03-16 21:33:05.437087417,2026-06-22 11:27:35.611122224,High Value
C0322,495850.0,7,25,70835.71428571429,2025-02-15 00:37:26.849369874,2026-05-02 10:55:37.147429488,Low Value
C0323,617575.0,12,36,51464.583333333336,2025-03-04 08:39:04.788957791,2026-06-21 09:17:40.772154432,High Value
C0324,355700.0,10,26,35570.0,2025-02-16 15:52:19.107821564,2026-06-26 04:25:18.063612720,Low Value
C0325,764475.0,13,34,58805.769230769234,2025-01-31 02:09:37.555511102,2026-05-29 22:17:27.089417880,High Value
C0326,1113810.0,14,37,79557.85714285714,2025-02-10 05:29:49.557911582,2026-06-10 01:10:34.446889376,High Value
C0327,568430.0,10,29,56843.0,2025-02-03 11:16:21.556311262,2026-06-28 13:59:06.709341864,High Value
C0328,228745.0,6,21,38124.166666666664,2025-01-08 02:04:26.453290658,2026-06-03 22:39:03.348669736,Low Value
C0329,231050.0,8,21,28881.25,2025-02-02 01:15:28.265653130,2026-06-02 17:52:09.025805160,Low Value
C0330,328725.0,7,21,46960.71428571428,2025-03-22 10:59:39.115823164,2026-02-07 12:12:14.546909380,Low Value
C0331,504000.0,8,23,63000.0,2025-03-14 14:36:16.275255051,2026-04-14 00:44:04.368873776,Low Value
C0332,288600.0,7,20,41228.57142857143,2025-02-21 18:50:54.850970194,2026-05-19 05:52:17.667533504,Low Value
C0333,341955.0,8,24,42744.375,2025-04-03 18:39:40.796159232,2026-06-25 17:57:20.128025600,Low Value
C0334,440950.0,9,28,48994.444444444445,2025-01-02 07:23:53.806761352,2026-02-24 20:13:52.486497296,Low Value
C0335,1173135.0,19,61,61743.94736842105,2025-01-09 14:42:19.227845569,2026-06-03 04:20:06.961392280,High Value
C0336,807460.0,15,49,53830.666666666664,2025-01-03 01:42:50.194038807,2026-05-19 11:06:16.635327064,High Value
C0337,298475.0,10,29,29847.5,2025-05-26 05:12:32.550510102,2026-01-10 16:59:26.153230644,Low Value
C0338,473865.0,10,28,47386.5,2025-03-23 10:32:34.470894179,2026-03-13 12:33:33.522704536,Low Value
C0339,873550.0,10,34,87355.0,2025-01-28 11:21:49.941988397,2026-04-09 02:59:27.593518704,High Value
C0340,536125.0,6,24,89354.16666666667,2025-01-25 02:15:05.941188237,2026-05-06 14:21:17.535507096,Medium Value
C0341,450125.0,11,36,40920.454545454544,2025-03-05 05:35:00.660132026,2026-05-14 10:44:40.376075216,Low Value
C0342,592475.0,10,22,59247.5,2025-02-17 18:02:13.946789357,2026-04-25 16:42:09.145829168,High Value
C0343,127065.0,8,28,15883.125,2025-01-27 19:39:53.038607721,2026-04-18 12:00:43.208641728,Low Value
C0344,238465.0,7,23,34066.42857142857,2025-02-02 06:29:27.233446689,2026-04-03 13:32:53.914782952,Low Value
C0345,180510.0,10,19,18051.0,2025-01-22 16:41:17.295459091,2026-02-07 20:03:12.998599720,Low Value
C0346,412625.0,11,35,37511.36363636364,2025-02-25 01:20:39.367873575,2026-06-19 07:34:50.578115624,Low Value
C0347,120580.0,5,9,24116.0,2025-01-02 04:46:54.322864572,2026-05-28 20:07:32.250450088,Low Value
C0348,289825.0,6,18,48304.166666666664,2025-03-03 19:34:07.369473895,2026-03-29 05:20:19.203840768,Low Value
C0349,831620.0,10,26,83162.0,2025-01-14 09:49:56.519303860,2026-04-16 02:26:54.562912584,High Value
C0350,611500.0,10,32,61150.0,2025-01-04 01:15:45.549109821,2026-06-20 14:58:44.384876976,High Value
C0351,1022055.0,17,41,60120.882352941175,2025-02-11 05:02:44.912982596,2026-06-27 22:17:09.805961192,High Value
C0352,504200.0,9,27,56022.22222222222,2025-01-12 18:35:04.260852170,2026-02-28 05:20:36.487297456,Low Value
C0353,812905.0,10,26,81290.5,2025-04-14 08:27:50.734146829,2026-06-09 14:42:36.511302256,High Value
C0354,573030.0,14,41,40930.71428571428,2025-01-05 03:25:40.388077615,2026-06-06 13:26:50.962192440,High Value
C0355,732450.0,13,40,56342.307692307695,2025-01-12 13:21:05.293058611,2026-04-07 22:12:33.270654128,High Value
C0356,127550.0,9,34,14172.222222222223,2025-01-24 18:24:07.489497899,2026-02-04 03:05:30.546109220,Low Value
C0357,236075.0,5,11,47215.0,2025-02-19 22:22:03.624724945,2025-12-28 22:51:26.537307460,Low Value
C0358,324075.0,10,26,32407.5,2025-01-01 13:04:57.419483896,2026-03-25 14:59:36.235247048,Low Value
C0359,666145.0,16,43,41634.0625,2025-01-03 22:38:46.065213042,2026-06-24 23:38:23.740748144,High Value
C0360,593790.0,10,32,59379.0,2025-03-28 05:40:11.762352470,2026-06-16 06:19:05.029005800,High Value
C0361,526730.0,10,31,52673.0,2025-01-08 12:32:24.388877775,2026-05-17 19:51:24.376875376,Medium Value
C0362,397950.0,9,25,44216.666666666664,2025-02-11 12:53:43.364672934,2026-06-14 09:50:13.802760552,Low Value
C0363,278410.0,7,19,39772.857142857145,2025-05-31 10:48:07.777555510,2026-03-31 17:31:07.333466688,Low Value
C0364,637125.0,9,35,70791.66666666667,2025-04-06 14:41:27.377475495,2026-05-12 01:10:51.730346064,High Value
C0365,302865.0,13,35,23297.30769230769,2025-01-10 14:15:14.582916583,2026-05-18 22:01:19.215843168,Low Value
C0366,323670.0,12,29,26972.5,2025-01-02 20:28:51.226245249,2026-01-22 19:25:28.865773152,Low Value
C0367,521450.0,8,25,65181.25,2025-03-27 06:07:16.407281456,2026-04-04 05:14:50.818163632,Medium Value
C0368,244880.0,14,26,17491.428571428572,2025-01-05 16:30:37.807561512,2026-06-14 15:04:12.770554112,Low Value
C0369,560080.0,10,30,56008.0,2025-03-09 09:00:41.048209642,2026-06-02 02:10:12.122424480,High Value
C0370,689500.0,9,28,76611.11111111111,2025-04-04 12:58:37.183436687,2026-05-10 02:05:01.020204040,High Value
C0371,297260.0,8,20,37157.5,2025-02-20 06:13:02.076415283,2026-06-13 23:22:15.867173432,Low Value
C0372,687600.0,9,23,76400.0,2025-02-12 04:35:40.268053610,2026-02-21 18:58:06.937387476,High Value
C0373,256600.0,8,15,32075.0,2025-02-16 13:15:19.623924785,2026-04-07 11:44:35.335067008,Low Value
C0374,1210735.0,19,66,63722.89473684211,2025-01-14 01:58:58.067613522,2026-06-12 10:44:23.092618520,High Value
C0375,577975.0,8,26,72246.875,2025-03-03 22:11:06.853370674,2026-06-24 07:56:26.837367472,High Value
C0376,283310.0,8,22,35413.75,2025-03-09 01:09:42.596519304,2026-06-27 11:49:11.870374072,Low Value
C0377,485900.0,9,29,53988.88888888889,2025-01-20 12:21:27.617523504,2026-05-28 01:48:35.863172632,Low Value
C0378,1062230.0,13,34,81710.0,2025-02-10 21:11:46.461292258,2026-06-26 01:48:18.579715944,High Value
C0379,47050.0,4,8,11762.5,2025-12-25 16:21:42.020404080,2026-06-28 06:08:08.257651528,Low Value
C0380,475760.0,9,24,52862.22222222222,2025-02-10 15:57:47.493498699,2026-06-19 15:25:49.029805960,Low Value
C0381,549850.0,8,24,68731.25,2025-02-21 05:45:57.431486297,2026-05-16 17:41:29.537907576,Medium Value
C0382,318280.0,8,29,39785.0,2025-04-10 20:44:07.249449890,2026-06-05 13:53:55.607121424,Low Value
C0383,732250.0,13,38,56326.92307692308,2025-02-22 05:18:52.786557311,2026-05-20 18:30:10.442088416,High Value
C0384,531575.0,11,40,48325.0,2025-06-29 18:38:48.945789158,2026-06-28 00:54:09.289857968,Medium Value
C0385,107650.0,7,22,15378.57142857143,2025-04-15 21:05:43.508701740,2026-06-09 19:56:35.479095816,Low Value
C0386,332250.0,7,24,47464.28571428572,2025-01-10 09:01:15.615123024,2026-04-21 02:48:30.822164432,Low Value
C0387,428950.0,7,22,61278.57142857143,2025-01-09 09:28:20.260052010,2026-03-04 08:46:16.875375072,Low Value
C0388,737250.0,8,24,92156.25,2025-01-22 19:18:16.779355871,2026-04-28 02:15:57.791558312,High Value
C0389,539450.0,10,31,53945.0,2025-03-21 03:35:45.309061812,2026-02-28 21:02:33.390678136,Medium Value
C0390,801785.0,20,56,40089.25,2025-01-16 22:00:44.648929786,2026-06-12 15:58:22.060412080,High Value
C0391,472675.0,10,26,47267.5,2025-03-21 00:58:45.825165033,2026-01-22 11:34:30.414082816,Low Value
C0392,632210.0,11,37,57473.63636363636,2025-01-26 20:06:57.683536707,2026-06-08 23:00:39.607921584,High Value
C0393,718400.0,7,28,102628.57142857143,2025-01-07 07:45:30.066013202,2026-01-13 15:38:12.218443688,High Value
C0394,468075.0,9,25,52008.333333333336,2025-03-20 06:39:49.437887577,2026-03-10 06:03:49.005801160,Low Value
C0395,627275.0,10,35,62727.5,2025-03-12 20:44:24.532906581,2026-06-10 14:15:31.866373272,High Value
C0396,108625.0,6,22,18104.166666666668,2025-04-13 11:31:54.862972594,2026-05-11 09:28:54.826965392,Low Value
C0397,237500.0,7,13,33928.57142857143,2025-03-10 16:24:34.854970994,2026-05-13 05:57:46.053210640,Low Value
C0398,870750.0,9,30,96750.0,2025-02-03 08:39:22.072414483,2026-05-29 11:49:29.153830768,High Value
C0399,249560.0,9,16,27728.88888888889,2025-01-24 07:56:09.553910782,2026-04-27 10:34:00.888177632,Low Value
C0400,242775.0,7,14,34682.142857142855,2025-06-26 12:09:04.428885776,2026-06-19 23:16:47.481496296,Low Value
C0401,231985.0,7,18,33140.71428571428,2025-06-18 15:45:41.588317662,2026-05-31 03:04:21.412282456,Low Value
C0402,853770.0,9,30,94863.33333333333,2025-04-16 04:56:41.960392078,2026-06-27 17:03:10.838167632,High Value
C0403,515870.0,15,34,34391.333333333336,2025-01-23 05:46:14.714942988,2026-06-27 06:35:12.902580512,Low Value
C0404,456750.0,7,25,65250.0,2025-02-07 04:14:04.008801760,2026-01-15 09:30:03.960792156,Low Value
C0405,795650.0,16,47,49728.125,2025-01-02 02:09:54.838967793,2026-05-21 07:35:07.861572312,High Value
C0406,995625.0,13,42,76586.53846153847,2025-01-25 12:43:03.876775355,2026-05-23 01:26:59.603920784,High Value
C0407,182625.0,8,15,22828.125,2025-03-30 20:27:59.375875175,2026-05-05 22:39:20.632126424,Low Value
C0408,923915.0,14,41,65993.92857142857,2025-02-17 07:34:16.011202240,2026-05-16 22:55:28.505701136,High Value
C0409,341315.0,6,17,56885.833333333336,2025-04-09 18:34:12.410482096,2025-09-12 03:06:56.963392676,Low Value
C0410,1526130.0,15,56,101742.0,2025-01-17 13:42:41.552310462,2026-03-27 03:37:29.009801960,High Value
C0411,882955.0,13,43,67919.61538461539,2025-01-27 17:02:53.554710942,2026-05-13 00:43:47.085417080,High Value
C0412,424530.0,10,30,42453.0,2025-04-03 00:20:44.408881776,2026-06-23 03:09:32.514502896,Low Value
C0413,607620.0,11,26,55238.181818181816,2025-01-21 01:26:25.037007401,2026-03-05 03:05:13.262652528,High Value
C0414,453890.0,13,39,34914.61538461538,2025-03-06 23:26:52.402480496,2026-05-29 01:21:31.218243648,Low Value
C0415,1032750.0,11,33,93886.36363636363,2025-03-22 21:27:37.051410282,2026-03-05 10:56:11.714342864,High Value
C0416,453995.0,17,47,26705.58823529412,2025-03-22 16:13:38.083616723,2026-06-29 18:46:01.032206440,Low Value
C0417,1033830.0,11,31,93984.54545454546,2025-02-18 04:30:11.882376475,2026-05-31 16:09:18.831766352,High Value
C0418,597785.0,10,30,59778.5,2025-01-02 23:05:50.710142028,2026-06-09 01:37:39.091818360,High Value
C0419,896000.0,7,23,128000.0,2025-03-20 19:44:46.857371474,2026-04-11 12:33:16.239247848,High Value
C0420,284175.0,7,16,40596.42857142857,2025-07-06 18:06:15.915183036,2026-05-08 08:13:09.277855568,Low Value
C0421,771250.0,7,23,110178.57142857143,2025-01-10 06:24:16.131226245,2026-06-11 00:43:29.801960392,High Value
C0422,668325.0,13,44,51409.61538461538,2025-02-15 13:42:24.268853770,2026-05-10 23:00:56.891378272,High Value
C0423,521595.0,16,53,32599.6875,2025-01-03 20:01:46.581316263,2026-05-15 12:54:35.215043008,Medium Value
C0424,404725.0,9,26,44969.444444444445,2025-02-14 22:00:27.365473094,2026-05-29 19:40:27.605521104,Low Value
C0425,727750.0,13,28,55980.769230769234,2025-01-07 18:13:28.001600320,2025-10-28 21:36:15.555111020,High Value
C0426,226200.0,9,20,25133.333333333332,2025-01-06 23:54:31.614322864,2026-06-21 17:08:39.223844768,Low Value
C0427,740050.0,8,27,92506.25,2025-05-28 04:18:23.260652130,2026-05-09 10:23:04.116823360,High Value
C0428,835775.0,14,58,59698.21428571428,2025-02-27 10:54:28.013602720,2026-05-09 15:37:03.084616920,High Value
C0429,508000.0,8,24,63500.0,2025-01-26 04:25:00.780156031,2026-06-03 20:02:03.864772952,Low Value
C0430,563575.0,11,35,51234.09090909091,2025-01-22 21:55:16.263252650,2026-04-05 04:47:46.173234648,High Value
C0431,703510.0,11,40,63955.454545454544,2025-03-03 03:52:10.466093218,2026-06-23 13:37:30.450090016,High Value
C0432,932425.0,14,44,66601.78571428571,2025-01-17 18:56:40.520104020,2026-05-28 22:44:31.734346864,High Value
C0433,368175.0,7,25,52596.42857142857,2025-02-19 01:26:07.753550710,2026-04-28 17:57:54.694938984,Low Value
C0434,369615.0,8,23,46201.875,2025-02-12 20:17:37.171434286,2026-03-05 08:19:12.230446088,Low Value
C0435,104440.0,6,17,17406.666666666668,2025-01-09 12:05:19.743948789,2026-04-04 02:37:51.334266848,Low Value
C0436,1044475.0,12,44,87039.58333333333,2025-03-27 00:53:17.439487897,2026-06-25 04:52:22.708541704,High Value
C0437,1042310.0,15,42,69487.33333333333,2025-01-03 14:47:47.613522704,2026-05-15 15:31:34.698939784,High Value
C0438,549655.0,10,31,54965.5,2025-05-21 04:50:56.291258252,2026-06-18 10:38:54.706941384,Medium Value
C0439,875035.0,11,31,79548.63636363637,2025-01-20 07:07:28.649729946,2026-06-26 22:44:14.450890176,High Value
C0440,437800.0,7,13,62542.857142857145,2025-05-06 11:37:05.965193038,2026-06-23 08:23:31.482296456,Low Value
C0441,836075.0,13,45,64313.46153846154,2025-03-03 16:57:07.885577115,2026-05-12 22:06:47.601520304,High Value
C0442,959250.0,10,45,95925.0,2025-02-06 02:04:09.169833966,2026-03-06 13:06:06.553310664,High Value
C0443,1212950.0,13,45,93303.84615384616,2025-06-22 06:06:24.556911382,2026-05-04 04:47:28.889777952,High Value
C0444,339430.0,12,26,28285.833333333332,2025-03-24 15:19:28.793758751,2026-06-15 01:32:10.706141224,Low Value
C0445,746175.0,10,30,74617.5,2025-04-26 00:25:55.511102220,2026-05-22 01:54:04.248849768,High Value
C0446,198910.0,9,27,22101.11111111111,2025-01-20 17:35:26.585317063,2026-05-18 06:19:22.312462488,Low Value
C0447,283845.0,13,32,21834.23076923077,2025-01-14 07:12:57.035407081,2026-06-26 17:30:15.483096616,Low Value
C0448,979150.0,9,23,108794.44444444444,2025-05-01 08:38:30.222044408,2026-05-22 09:45:02.700540104,High Value
C0449,173500.0,4,13,43375.0,2025-04-30 19:33:32.802560512,2026-02-14 01:11:43.580716140,Low Value
C0450,451425.0,11,38,41038.63636363636,2025-02-04 02:58:18.459691938,2026-06-24 15:47:25.289057808,Low Value
C0451,687500.0,6,21,114583.33333333333,2025-01-10 19:29:13.550710142,2026-04-16 23:22:50.434086816,High Value
C0452,483645.0,12,33,40303.75,2025-02-10 23:48:45.945189037,2026-06-04 11:44:00.768153632,Low Value
C0453,437150.0,10,27,43715.0,2025-03-31 14:46:55.763152630,2026-06-15 06:46:09.673934784,Low Value
C0454,624775.0,16,55,39048.4375,2025-01-11 16:25:09.421884376,2026-06-18 08:01:55.223044608,High Value
C0455,680700.0,12,33,56725.0,2025-01-05 19:07:37.291458291,2026-06-19 12:48:49.545909176,High Value
C0456,1319975.0,20,60,65998.75,2025-01-03 12:10:48.129625925,2026-06-21 14:31:39.739947984,High Value
C0457,722890.0,13,41,55606.92307692308,2025-02-01 22:38:28.781756351,2026-05-16 07:13:31.602320464,High Value
C0458,1078620.0,15,42,71908.0,2025-01-04 03:52:45.033006601,2026-06-25 10:06:21.676335264,High Value
C0459,299370.0,10,30,29937.0,2025-02-19 09:17:06.205241048,2026-06-28 21:50:05.161032208,Low Value
C0460,398610.0,9,24,44290.0,2025-01-30 18:18:39.103820764,2026-06-11 13:48:27.221444288,Low Value
C0461,357605.0,13,31,27508.076923076922,2025-01-27 03:57:56.135227045,2026-06-29 16:09:01.548309656,Low Value
C0462,568275.0,9,28,63141.666666666664,2025-01-08 20:23:22.840568113,2026-02-25 14:32:48.873774752,High Value
C0463,187375.0,11,34,17034.090909090908,2025-01-08 23:00:22.324464893,2026-05-21 04:58:08.377675536,Low Value
C0464,226700.0,9,18,25188.88888888889,2025-03-17 02:47:04.404880976,2026-06-03 12:11:05.413082616,Low Value
C0465,181375.0,7,18,25910.714285714286,2025-02-02 14:20:25.685137027,2026-03-11 23:55:40.748149632,Low Value
C0466,137300.0,14,44,9807.142857142857,2025-01-06 21:17:32.130426085,2026-06-08 12:32:41.672334464,Low Value
C0467,1060770.0,16,48,66298.125,2025-01-30 15:41:39.619923984,2026-05-21 23:17:04.764952992,High Value
C0468,388475.0,7,18,55496.42857142857,2025-05-27 12:36:26.357271454,2026-05-18 01:05:23.344668928,Low Value
C0469,416615.0,10,34,41661.5,2025-03-13 07:12:22.468493698,2026-06-02 12:38:10.058011600,Low Value
C0470,530550.0,11,34,48231.818181818184,2025-02-09 05:56:54.202840568,2026-05-24 16:41:51.862372472,Medium Value
C0471,264640.0,10,25,26464.0,2025-02-05 20:50:10.202040408,2026-04-24 14:32:14.306861368,Low Value
C0472,39975.0,6,18,6662.5,2025-06-26 01:41:06.493298660,2026-05-18 16:47:20.248049608,Low Value
C0473,600050.0,12,42,50004.166666666664,2025-01-17 21:33:40.004000800,2026-06-28 16:36:06.193238648,High Value
C0474,408305.0,13,38,31408.076923076922,2025-01-11 13:48:09.937987597,2026-06-05 03:25:57.671534304,Low Value
C0475,185475.0,8,18,23184.375,2025-03-25 20:06:23.116623324,2026-04-07 19:35:33.786757352,Low Value
C0476,634880.0,13,44,48836.92307692308,2025-02-13 22:27:32.010402080,2026-05-31 18:46:18.315663128,High Value
C0477,520280.0,9,35,57808.88888888889,2025-02-19 04:03:07.237447489,2026-05-07 03:26:14.954991000,Low Value
C0478,780460.0,9,25,86717.77777777778,2025-01-06 08:12:34.710942188,2026-04-24 01:27:16.887377472,High Value
C0479,946495.0,21,63,45071.19047619047,2025-01-16 03:41:48.261652330,2026-05-11 17:19:53.278655728,High Value
C0480,507780.0,7,19,72540.0,2025-03-10 08:33:36.403280656,2026-03-12 02:32:40.232046408,Low Value
C0481,641300.0,10,28,64130.0,2025-02-03 16:30:20.524104821,2026-03-21 11:33:55.847169432,High Value
C0482,1118325.0,16,42,69895.3125,2025-01-11 08:34:10.970194038,2026-05-14 15:58:39.343868768,High Value
C0483,241690.0,9,18,26854.444444444445,2025-03-08 01:36:47.241448289,2026-04-25 08:51:10.694138824,Low Value
C0484,239125.0,8,26,29890.625,2025-01-18 13:15:36.907381476,2026-03-16 05:58:20.620124024,Low Value
C0485,550250.0,5,15,110050.0,2025-07-08 19:49:06.109221844,2026-06-02 15:15:09.541908376,Medium Value
C0486,486535.0,10,33,48653.5,2025-01-12 23:49:03.228645729,2026-06-16 16:47:02.964592920,Low Value
C0487,84200.0,5,17,16840.0,2025-05-12 16:45:36.547309462,2026-05-24 21:55:50.830166032,Low Value
C0488,538300.0,10,27,53830.0,2025-02-02 03:52:27.749549910,2026-05-14 08:07:40.892178432,Medium Value
C0489,318400.0,10,32,31840.0,2025-01-28 21:49:47.877575515,2026-06-22 14:04:35.095019000,Low Value
C0490,419905.0,10,38,41990.5,2025-04-24 14:25:02.220444088,2026-06-21 06:40:41.288257648,Low Value
C0491,832500.0,9,24,92500.0,2025-04-02 21:43:44.924984997,2026-03-18 20:46:08.233646728,High Value
C0492,941000.0,16,54,58812.5,2025-01-07 05:08:30.582116423,2026-06-16 19:24:02.448489696,High Value
C0493,657500.0,8,29,82187.5,2025-02-07 09:28:02.976595319,2026-04-26 18:52:03.984796960,High Value
C0494,555225.0,8,22,69403.125,2025-01-20 20:12:26.069213842,2026-04-08 19:08:29.141828360,Medium Value
C0495,855550.0,13,34,65811.53846153847,2025-02-20 16:41:00.012002400,2026-04-09 10:50:26.045209040,High Value
C0496,396680.0,11,31,36061.818181818184,2025-01-15 11:59:51.358271654,2026-06-29 03:04:04.128825760,Low Value
C0497,542290.0,7,28,77470.0,2025-01-14 22:54:53.938787757,2025-11-27 00:12:57.755551108,Medium Value
C0498,287920.0,9,28,31991.11111111111,2025-05-03 12:58:19.899979996,2026-03-28 03:10:24.364872976,Low Value
C0499,181700.0,4,13,45425.0,2025-09-16 11:46:36.319263852,2026-06-20 01:53:46.965393080,Low Value
C0500,848875.0,9,27,94319.44444444444,2025-03-13 04:35:22.984596919,2026-05-25 13:37:47.733546704,High Value
