customer_id,category,transaction_count,units_sold,category_revenue,customer_lifetime_revenue
C0127,Electronics,8,30,1493500.0,1523575.0
C0410,Electronics,8,32,1480250.0,1526130.0
C0307,Electronics,9,31,1470000.0,1475130.0
C0215,Electronics,10,40,1361750.0,1382075.0
C0300,Electronics,11,33,1334750.0,1355175.0
C0159,Electronics,8,27,1299250.0,1382975.0
C0050,Electronics,6,26,1250250.0,1281650.0
C0456,Electronics,11,33,1246500.0,1319975.0
C0102,Electronics,10,33,1231000.0,1261750.0
C0275,Electronics,10,33,1226750.0,1266725.0
C0272,Electronics,9,33,1201750.0,1226655.0
C0443,Electronics,6,23,1166000.0,1212950.0
C0234,Electronics,8,28,1151750.0,1169700.0
C0374,Electronics,8,30,1130500.0,1210735.0
C0098,Electronics,6,24,1115750.0,1152475.0
C0335,Electronics,8,28,1112000.0,1173135.0
C0061,Electronics,6,19,1099500.0,1126200.0
C0326,Electronics,8,27,1095250.0,1113810.0
C0117,Electronics,8,29,1089000.0,1104810.0
C0026,Electronics,11,33,1087500.0,1095675.0
C0067,Electronics,9,25,1084500.0,1148245.0
C0143,Electronics,10,32,1079000.0,1107175.0
C0004,Electronics,10,26,1078000.0,1108185.0
C0037,Electronics,8,33,1077000.0,1134350.0
C0458,Electronics,12,34,1070500.0,1078620.0
C0013,Electronics,9,33,1067500.0,1132800.0
C0110,Electronics,9,30,1066750.0,1085830.0
C0482,Electronics,10,24,1064750.0,1118325.0
C0180,Electronics,6,21,1064500.0,1075160.0
C0119,Electronics,11,30,1061750.0,1076875.0
C0274,Electronics,8,23,1060750.0,1105360.0
C0378,Electronics,9,23,1038000.0,1062230.0
C0129,Electronics,7,26,1028250.0,1044485.0
C0436,Electronics,8,29,1025500.0,1044475.0
C0266,Electronics,9,22,1024500.0,1049680.0
C0417,Electronics,7,21,1019250.0,1033830.0
C0467,Electronics,9,26,1018250.0,1060770.0
C0415,Electronics,8,24,1014000.0,1032750.0
C0437,Electronics,10,26,1010250.0,1042310.0
C0302,Electronics,7,19,1005250.0,1037275.0
C0312,Electronics,7,22,1005250.0,1025950.0
C0351,Electronics,11,28,998500.0,1022055.0
C0292,Electronics,8,28,997250.0,1020630.0
C0297,Electronics,5,19,996750.0,1076100.0
C0135,Electronics,8,26,995750.0,1013005.0
C0448,Electronics,6,19,970750.0,979150.0
C0016,Electronics,8,24,968000.0,1001050.0
C0406,Electronics,8,25,965500.0,995625.0
C0030,Electronics,6,22,964250.0,981285.0
C0018,Electronics,7,24,961500.0,989000.0
C0109,Electronics,6,23,961000.0,1020550.0
C0318,Electronics,8,24,957750.0,980600.0
C0120,Electronics,7,28,957500.0,1000590.0
C0258,Electronics,9,21,955250.0,969015.0
C0244,Electronics,7,25,955000.0,989695.0
C0057,Electronics,7,23,930250.0,963925.0
C0442,Electronics,7,32,925750.0,959250.0
C0121,Electronics,6,19,919500.0,941200.0
C0190,Electronics,5,21,913000.0,944700.0
C0432,Electronics,9,28,903000.0,932425.0
C0080,Electronics,6,17,900000.0,916500.0
C0189,Electronics,7,19,899000.0,908455.0
C0123,Electronics,7,19,898000.0,925785.0
C0319,Electronics,10,23,897750.0,901250.0
C0408,Electronics,8,26,888750.0,923915.0
C0492,Electronics,8,28,888500.0,941000.0
C0163,Electronics,7,26,882250.0,904050.0
C0419,Electronics,5,17,881750.0,896000.0
C0164,Electronics,6,19,881000.0,926425.0
C0479,Electronics,9,30,880500.0,946495.0
C0181,Electronics,6,21,869000.0,877280.0
C0069,Electronics,8,27,862500.0,870400.0
C0439,Electronics,6,20,859500.0,875035.0
C0339,Electronics,7,23,858750.0,873550.0
C0184,Electronics,9,24,857500.0,920310.0
C0398,Electronics,5,19,854500.0,870750.0
C0411,Electronics,7,26,852250.0,882955.0
C0003,Electronics,8,25,851750.0,878500.0
C0237,Electronics,7,23,851250.0,868100.0
C0043,Electronics,6,19,847000.0,875650.0
C0176,Electronics,6,23,838750.0,876835.0
C0194,Electronics,9,29,835000.0,858970.0
C0100,Electronics,8,22,832750.0,844650.0
C0500,Electronics,7,21,831250.0,848875.0
C0495,Electronics,9,26,831000.0,855550.0
C0048,Electronics,6,22,828000.0,871975.0
C0402,Electronics,4,17,823250.0,853770.0
C0349,Electronics,7,21,822500.0,831620.0
C0286,Electronics,5,18,821750.0,891275.0
C0252,Electronics,6,19,819500.0,864575.0
C0491,Electronics,6,17,817250.0,832500.0
C0054,Electronics,7,24,815750.0,836500.0
C0199,Electronics,6,20,810500.0,846310.0
C0195,Electronics,7,26,793750.0,848325.0
C0081,Electronics,7,23,793500.0,798725.0
C0353,Electronics,4,16,790500.0,812905.0
C0304,Electronics,6,23,788250.0,825355.0
C0168,Electronics,5,18,783250.0,790825.0
C0213,Electronics,7,21,782250.0,783850.0
C0233,Electronics,7,19,777500.0,788610.0
C0441,Electronics,3,15,775000.0,836075.0
C0060,Electronics,7,20,772750.0,793650.0
C0421,Electronics,7,23,771250.0,771250.0
C0478,Electronics,5,16,762250.0,780460.0
C0336,Electronics,7,25,761500.0,807460.0
C0111,Electronics,6,21,759250.0,788665.0
C0208,Electronics,6,19,758000.0,793650.0
C0428,Electronics,5,21,753500.0,835775.0
C0240,Electronics,6,20,752250.0,758030.0
C0203,Electronics,5,17,749500.0,788605.0
C0108,Electronics,8,22,748500.0,771070.0
C0115,Electronics,9,23,747250.0,807315.0
C0221,Electronics,8,23,746000.0,781375.0
C0150,Electronics,8,24,744250.0,797150.0
C0325,Electronics,8,21,740750.0,764475.0
C0390,Electronics,9,29,740250.0,801785.0
C0104,Electronics,8,25,740000.0,772270.0
C0182,Electronics,6,19,739500.0,766815.0
C0427,Electronics,7,23,733250.0,740050.0
C0031,Electronics,6,19,732250.0,767600.0
C0192,Electronics,8,24,732250.0,750075.0
C0216,Electronics,6,14,727000.0,733000.0
C0388,Electronics,6,19,725750.0,737250.0
C0445,Electronics,7,20,724750.0,746175.0
C0405,Electronics,8,17,723250.0,795650.0
C0138,Electronics,5,19,717250.0,770345.0
C0425,Electronics,10,22,714000.0,727750.0
C0393,Electronics,5,18,711000.0,718400.0
C0126,Electronics,5,18,710250.0,759475.0
C0222,Electronics,7,19,709750.0,741490.0
C0383,Electronics,9,26,707250.0,732250.0
C0074,Electronics,8,18,704000.0,710125.0
C0056,Electronics,8,22,699750.0,732600.0
C0021,Electronics,7,24,694250.0,719755.0
C0316,Electronics,6,19,693750.0,743700.0
C0118,Electronics,6,15,690250.0,752035.0
C0355,Electronics,5,19,688500.0,732450.0
C0179,Electronics,7,22,687750.0,714475.0
C0431,Electronics,8,27,686500.0,703510.0
C0457,Electronics,7,19,686500.0,722890.0
C0301,Electronics,4,17,682250.0,694850.0
C0280,Electronics,3,15,678750.0,710025.0
C0451,Electronics,5,16,678500.0,687500.0
C0372,Electronics,6,17,676250.0,687600.0
C0153,Electronics,5,24,672000.0,703500.0
C0455,Electronics,9,25,671500.0,680700.0
C0370,Electronics,5,16,662250.0,689500.0
C0253,Electronics,9,27,651250.0,681430.0
C0235,Electronics,5,15,650750.0,675910.0
C0128,Electronics,6,17,650000.0,675970.0
C0257,Electronics,8,24,644250.0,656500.0
C0219,Electronics,7,19,642750.0,691000.0
C0228,Electronics,6,22,642250.0,666065.0
C0202,Electronics,6,15,640750.0,668025.0
C0493,Electronics,5,20,639000.0,657500.0
C0230,Electronics,7,23,627750.0,648000.0
C0175,Electronics,5,17,626750.0,642775.0
C0314,Electronics,4,14,621250.0,637200.0
C0209,Electronics,5,17,620500.0,637900.0
C0147,Electronics,6,21,619000.0,642330.0
C0359,Electronics,5,17,617000.0,666145.0
C0422,Electronics,6,19,613750.0,668325.0
C0149,Electronics,4,12,613250.0,621150.0
C0250,Electronics,5,18,612750.0,623105.0
C0036,Electronics,5,17,612000.0,669475.0
C0162,Electronics,4,16,611000.0,628790.0
C0481,Electronics,6,15,607750.0,641300.0
C0264,Electronics,7,20,607250.0,633670.0
C0395,Electronics,5,18,605000.0,627275.0
C0154,Electronics,6,15,599250.0,616760.0
C0010,Electronics,4,14,598000.0,609875.0
C0309,Electronics,6,18,593750.0,597150.0
C0476,Electronics,7,25,591250.0,634880.0
C0101,Electronics,8,24,590250.0,613375.0
C0187,Electronics,5,16,589500.0,667225.0
C0029,Electronics,6,22,589250.0,593250.0
C0142,Electronics,5,17,588500.0,637415.0
C0077,Electronics,6,16,587750.0,618750.0
C0364,Electronics,3,14,587750.0,637125.0
C0350,Electronics,6,18,587000.0,611500.0
C0107,Electronics,7,19,585250.0,641050.0
C0392,Electronics,5,19,584750.0,632210.0
C0165,Electronics,5,14,583250.0,639625.0
C0226,Electronics,6,20,582750.0,602530.0
C0413,Electronics,5,10,582000.0,607620.0
C0323,Electronics,6,15,580500.0,617575.0
C0033,Electronics,4,12,579500.0,679630.0
C0193,Electronics,4,12,575500.0,597650.0
C0360,Electronics,7,20,574250.0,593790.0
C0152,Electronics,6,16,573250.0,586290.0
C0246,Electronics,5,14,573000.0,626495.0
C0285,Electronics,6,15,572000.0,615945.0
C0185,Electronics,8,28,570750.0,604450.0
C0145,Electronics,6,14,570500.0,610540.0
C0091,Electronics,4,13,570250.0,611425.0
C0284,Electronics,2,9,568750.0,580600.0
C0342,Electronics,6,13,568750.0,592475.0
C0298,Electronics,6,18,565250.0,627750.0
C0020,Electronics,6,13,563750.0,582170.0
C0161,Electronics,6,16,561250.0,600950.0
C0177,Electronics,4,15,558750.0,585395.0
C0212,Electronics,4,14,558000.0,607890.0
C0418,Electronics,4,12,557500.0,597785.0
C0454,Electronics,7,22,556000.0,624775.0
C0327,Electronics,7,20,554750.0,568430.0
C0099,Electronics,6,17,553000.0,571100.0
C0375,Electronics,6,17,550500.0,577975.0
C0485,Electronics,5,15,550250.0,550250.0
C0251,Electronics,5,15,544500.0,574425.0
C0494,Electronics,6,18,544500.0,555225.0
C0473,Electronics,6,19,538000.0,600050.0
C0462,Electronics,4,12,536750.0,568275.0
C0053,Electronics,5,17,535750.0,649930.0
C0078,Electronics,5,14,533000.0,561025.0
C0354,Electronics,5,17,530000.0,573030.0
C0082,Electronics,6,13,529500.0,552225.0
C0369,Electronics,6,17,529500.0,560080.0
C0497,Electronics,4,15,528250.0,542290.0
C0088,Electronics,3,13,526250.0,571450.0
C0131,Electronics,4,12,525250.0,550870.0
C0148,Electronics,3,10,524250.0,524250.0
C0430,Electronics,5,14,523750.0,563575.0
C0012,Electronics,7,19,523000.0,552880.0
C0017,Electronics,7,19,522250.0,539200.0
C0146,Electronics,8,20,521250.0,545400.0
C0389,Electronics,6,21,516000.0,539450.0
C0094,Electronics,5,20,515750.0,550600.0
C0340,Electronics,4,14,515750.0,536125.0
C0488,Electronics,7,18,515500.0,538300.0
C0103,Electronics,6,14,514750.0,547300.0
C0287,Electronics,6,15,514250.0,558850.0
C0381,Electronics,4,11,514250.0,549850.0
C0090,Electronics,3,10,513750.0,519700.0
C0268,Electronics,3,12,513750.0,536600.0
C0089,Electronics,5,17,512250.0,568895.0
C0087,Electronics,5,16,511500.0,573175.0
C0049,Electronics,4,13,510500.0,550430.0
C0438,Electronics,5,16,510500.0,549655.0
C0361,Electronics,6,21,507000.0,526730.0
C0227,Electronics,5,13,506250.0,549215.0
C0321,Electronics,5,11,506250.0,576775.0
C0429,Electronics,6,22,505500.0,508000.0
C0261,Electronics,5,17,501000.0,522600.0
C0027,Electronics,6,20,499250.0,510750.0
C0480,Electronics,4,12,498000.0,507780.0
C0046,Electronics,6,19,496750.0,513600.0
C0239,Electronics,2,10,495000.0,530750.0
C0367,Electronics,5,15,494750.0,521450.0
C0331,Electronics,6,18,493250.0,504000.0
C0289,Electronics,5,12,492000.0,549825.0
C0403,Electronics,8,18,491250.0,515870.0
C0075,Electronics,3,11,491000.0,533940.0
C0231,Electronics,3,11,489250.0,573875.0
C0384,Electronics,6,23,489000.0,531575.0
C0198,Electronics,4,16,486500.0,531320.0
C0025,Electronics,4,13,482500.0,516350.0
C0045,Electronics,4,13,481250.0,493610.0
C0470,Electronics,5,13,480250.0,530550.0
C0477,Electronics,3,11,480250.0,520280.0
C0166,Electronics,6,17,480000.0,492600.0
C0322,Electronics,4,11,475250.0,495850.0
C0248,Electronics,7,20,471750.0,508450.0
C0008,Electronics,3,12,471000.0,488550.0
C0352,Electronics,4,12,471000.0,504200.0
C0380,Electronics,5,13,457500.0,475760.0
C0011,Electronics,5,17,456000.0,483650.0
C0229,Electronics,5,13,456000.0,482525.0
C0486,Electronics,4,13,455250.0,486535.0
C0245,Electronics,4,11,454750.0,517920.0
C0377,Electronics,5,16,454500.0,485900.0
C0178,Electronics,2,9,452500.0,484140.0
C0151,Electronics,5,13,452000.0,461240.0
C0391,Electronics,5,16,451000.0,472675.0
C0044,Electronics,4,13,450500.0,478625.0
C0096,Electronics,3,13,448750.0,489315.0
C0243,Electronics,4,17,447000.0,466300.0
C0423,Electronics,7,18,446750.0,521595.0
C0338,Electronics,4,14,444000.0,473865.0
C0394,Electronics,5,12,440500.0,468075.0
C0452,Electronics,4,10,439000.0,483645.0
C0068,Electronics,3,13,437500.0,466270.0
C0269,Electronics,4,14,437000.0,477200.0
C0440,Electronics,6,12,437000.0,437800.0
C0310,Electronics,5,12,435000.0,463710.0
C0404,Electronics,5,16,429750.0,456750.0
C0305,Electronics,4,18,428750.0,432070.0
C0085,Electronics,3,10,425250.0,450470.0
C0453,Electronics,4,11,422250.0,437150.0
C0299,Electronics,5,11,421250.0,438500.0
C0156,Electronics,5,15,419750.0,472235.0
C0023,Electronics,4,16,418500.0,476370.0
C0218,Electronics,4,15,417000.0,421000.0
C0197,Electronics,5,17,415500.0,427940.0
C0028,Electronics,4,12,414500.0,432300.0
C0414,Electronics,4,16,414000.0,453890.0
C0116,Electronics,4,10,413750.0,435610.0
C0051,Electronics,6,17,413500.0,444270.0
C0278,Electronics,6,13,413500.0,464035.0
C0083,Electronics,7,16,413250.0,423250.0
C0157,Electronics,3,14,413250.0,449655.0
C0334,Electronics,6,19,412500.0,440950.0
C0112,Electronics,5,15,412000.0,423125.0
C0283,Electronics,4,14,411500.0,450130.0
C0263,Electronics,6,13,410000.0,435170.0
C0114,Electronics,4,10,406500.0,418100.0
C0412,Electronics,6,19,404250.0,424530.0
C0232,Electronics,4,10,403500.0,469550.0
C0042,Electronics,4,10,403000.0,419600.0
C0387,Electronics,4,12,403000.0,428950.0
C0341,Electronics,5,12,401250.0,450125.0
C0196,Electronics,3,8,400750.0,439625.0
C0271,Electronics,7,14,400750.0,412070.0
C0225,Electronics,2,8,400500.0,440315.0
C0293,Electronics,4,17,399000.0,443580.0
C0052,Electronics,3,9,393000.0,400735.0
C0450,Electronics,4,13,391750.0,451425.0
C0079,Electronics,3,13,391000.0,403900.0
C0303,Electronics,3,13,391000.0,421275.0
C0040,Electronics,3,11,390750.0,408450.0
C0065,Electronics,3,10,388000.0,412175.0
C0311,Electronics,6,11,387000.0,394020.0
C0095,Electronics,3,9,382750.0,408315.0
C0416,Electronics,7,13,382500.0,453995.0
C0105,Electronics,5,12,380250.0,431125.0
C0424,Electronics,3,11,377750.0,404725.0
C0242,Electronics,5,14,377500.0,415725.0
C0490,Electronics,4,15,377250.0,419905.0
C0059,Electronics,4,18,375000.0,392925.0
C0174,Electronics,5,10,375000.0,424055.0
C0469,Electronics,4,10,374500.0,416615.0
C0144,Electronics,4,10,374000.0,408725.0
C0496,Electronics,5,15,369500.0,396680.0
C0468,Electronics,2,9,369000.0,388475.0
C0460,Electronics,4,10,368750.0,398610.0
C0055,Electronics,5,12,368500.0,375220.0
C0320,Electronics,2,7,367000.0,391130.0
C0317,Electronics,7,13,366500.0,393075.0
C0041,Electronics,5,12,362000.0,387075.0
C0294,Electronics,5,12,360500.0,378230.0
C0362,Electronics,3,8,360000.0,397950.0
C0474,Electronics,6,12,356500.0,408305.0
C0224,Electronics,6,12,352500.0,384200.0
C0346,Electronics,4,11,351750.0,412625.0
C0270,Electronics,2,6,351000.0,382600.0
C0206,Electronics,5,10,348500.0,385150.0
C0186,Electronics,5,19,348250.0,383510.0
C0306,Electronics,2,9,344000.0,344000.0
C0093,Electronics,3,13,343000.0,370345.0
C0433,Electronics,4,14,343000.0,368175.0
C0236,Electronics,4,13,341500.0,372250.0
C0171,Electronics,3,9,341000.0,390275.0
C0434,Electronics,3,11,340000.0,369615.0
C0265,Electronics,4,8,339250.0,349150.0
C0276,Electronics,4,11,335500.0,340000.0
C0238,Electronics,4,10,334000.0,366190.0
C0290,Electronics,4,6,334000.0,363820.0
C0205,Electronics,4,15,333000.0,353625.0
C0047,Electronics,4,9,331000.0,334400.0
C0140,Electronics,5,13,331000.0,365455.0
C0014,Electronics,5,17,330250.0,361805.0
C0295,Electronics,4,11,329500.0,371075.0
C0279,Electronics,6,20,328250.0,354310.0
C0019,Electronics,5,14,327250.0,347620.0
C0058,Electronics,3,9,327000.0,358970.0
C0461,Electronics,4,10,325000.0,357605.0
C0070,Electronics,5,10,324500.0,328580.0
C0409,Electronics,3,8,324000.0,341315.0
C0200,Electronics,4,15,323750.0,339050.0
C0039,Electronics,2,8,322500.0,332650.0
C0066,Electronics,2,10,322500.0,355225.0
C0063,Electronics,3,7,321000.0,365200.0
C0324,Electronics,5,9,320000.0,355700.0
C0009,Electronics,4,10,316000.0,358275.0
C0125,Electronics,3,11,315000.0,338230.0
C0296,Electronics,5,14,311250.0,355745.0
C0217,Electronics,1,5,308750.0,328090.0
C0444,Electronics,6,10,308250.0,339430.0
C0330,Electronics,4,12,308000.0,328725.0
C0158,Electronics,4,8,307750.0,340990.0
C0160,Electronics,3,8,305500.0,332075.0
C0358,Electronics,4,14,303750.0,324075.0
C0086,Electronics,4,17,303000.0,306400.0
C0386,Electronics,2,9,302000.0,332250.0
C0333,Electronics,4,7,299750.0,341955.0
C0210,Electronics,4,12,295500.0,311160.0
C0113,Electronics,2,5,294000.0,313620.0
C0034,Electronics,5,13,293250.0,345400.0
C0035,Electronics,6,12,288750.0,328680.0
C0382,Electronics,3,11,288000.0,318280.0
C0366,Electronics,4,8,287000.0,323670.0
C0062,Electronics,5,10,284750.0,295210.0
C0282,Electronics,4,6,280750.0,323935.0
C0223,Electronics,3,11,278750.0,306250.0
C0273,Electronics,4,7,278500.0,343990.0
C0371,Electronics,4,12,278500.0,297260.0
C0064,Electronics,3,8,276000.0,291250.0
C0211,Electronics,4,11,274250.0,286775.0
C0332,Electronics,4,8,272000.0,288600.0
C0084,Electronics,2,6,266250.0,294020.0
C0291,Electronics,3,8,263500.0,306200.0
C0363,Electronics,4,12,262500.0,278410.0
C0489,Electronics,5,12,260750.0,318400.0
C0348,Electronics,3,7,259500.0,289825.0
C0376,Electronics,4,10,259500.0,283310.0
C0002,Electronics,3,8,259000.0,300600.0
C0459,Electronics,5,13,258750.0,299370.0
C0308,Electronics,4,10,258500.0,281475.0
C0420,Electronics,4,7,258250.0,284175.0
C0313,Electronics,3,5,257250.0,342040.0
C0139,Electronics,3,5,255500.0,293975.0
C0255,Electronics,4,11,251250.0,293475.0
C0132,Electronics,2,8,249000.0,288070.0
C0337,Electronics,4,11,249000.0,298475.0
C0365,Electronics,3,7,245000.0,302865.0
C0373,Electronics,3,8,245000.0,256600.0
C0498,Electronics,3,10,245000.0,287920.0
C0204,Electronics,4,8,243750.0,272930.0
C0471,Electronics,4,8,243750.0,264640.0
C0124,Electronics,3,7,242000.0,254600.0
C0155,Electronics,4,7,240750.0,262635.0
C0188,Electronics,4,8,237500.0,266700.0
C0071,Electronics,3,9,236000.0,269650.0
C0249,Electronics,5,13,234750.0,265595.0
C0254,Electronics,1,4,234000.0,270925.0
C0399,Electronics,5,7,234000.0,249560.0
C0106,Electronics,2,8,233250.0,260470.0
C0260,Electronics,3,8,229500.0,261845.0
C0357,Electronics,3,7,228000.0,236075.0
C0447,Electronics,5,6,226500.0,283845.0
C0397,Electronics,3,7,226000.0,237500.0
C0024,Electronics,4,9,224500.0,263000.0
C0483,Electronics,5,9,220250.0,241690.0
C0400,Electronics,3,6,218500.0,242775.0
C0267,Electronics,5,7,216250.0,267735.0
C0464,Electronics,6,13,216000.0,226700.0
C0136,Electronics,4,9,214500.0,231860.0
C0133,Electronics,4,9,211250.0,242300.0
C0344,Electronics,3,9,211000.0,238465.0
C0401,Electronics,3,7,210000.0,231985.0
C0130,Electronics,4,13,209250.0,227075.0
C0368,Electronics,4,7,209250.0,244880.0
C0329,Electronics,4,9,209000.0,231050.0
C0259,Electronics,4,9,203500.0,234325.0
C0277,Electronics,3,7,195000.0,230750.0
C0328,Electronics,1,3,195000.0,228745.0
C0076,Electronics,2,7,194750.0,234950.0
C0426,Electronics,4,4,193750.0,226200.0
C0183,Electronics,4,8,192750.0,242210.0
C0241,Electronics,3,6,191000.0,221800.0
C0137,Electronics,5,11,178750.0,205130.0
C0484,Electronics,2,3,178750.0,239125.0
C0407,Electronics,5,9,175250.0,182625.0
C0007,Electronics,3,5,175000.0,191625.0
C0262,Electronics,4,6,175000.0,184525.0
C0006,Electronics,4,6,174250.0,193350.0
C0446,Electronics,2,8,171750.0,198910.0
C0499,Electronics,2,8,171000.0,181700.0
C0345,Electronics,4,8,167000.0,180510.0
C0201,Electronics,3,7,162750.0,191825.0
C0475,Electronics,3,9,161000.0,185475.0
C0073,Electronics,5,7,158500.0,174330.0
C0465,Electronics,2,3,155000.0,181375.0
C0167,Electronics,4,7,153500.0,204675.0
C0032,Electronics,3,11,151500.0,172160.0
C0247,Electronics,2,3,150500.0,158260.0
C0449,Electronics,2,4,150500.0,173500.0
C0463,Electronics,2,5,150000.0,187375.0
C0191,Electronics,4,8,148500.0,179050.0
C0092,Electronics,1,4,144000.0,184545.0
C0173,Electronics,3,7,144000.0,144000.0
C0134,Electronics,1,3,120000.0,192425.0
C0122,Electronics,2,5,118250.0,150260.0
C0170,Electronics,1,2,117000.0,142925.0
C0053,Accessories,12,41,114180.0,649930.0
C0347,Electronics,2,4,112500.0,120580.0
C0288,Electronics,1,3,108000.0,152500.0
C0038,Electronics,1,3,102000.0,152670.0
C0033,Accessories,14,43,100130.0,679630.0
C0015,Electronics,2,3,98000.0,110600.0
C0001,Electronics,2,3,97000.0,135820.0
C0005,Electronics,3,6,94500.0,100500.0
C0097,Electronics,3,7,94500.0,130900.0
C0315,Electronics,2,3,94000.0,115140.0
C0207,Electronics,2,3,88500.0,107175.0
C0435,Electronics,2,5,85500.0,104440.0
C0313,Accessories,10,37,84790.0,342040.0
C0231,Accessories,9,35,84625.0,573875.0
C0281,Electronics,2,3,84000.0,98030.0
C0159,Accessories,14,38,83725.0,1382975.0
C0428,Accessories,9,37,82275.0,835775.0
C0356,Electronics,2,6,81750.0,127550.0
C0466,Accessories,12,40,81050.0,137300.0
C0374,Accessories,11,36,80235.0,1210735.0
C0297,Accessories,9,32,79350.0,1076100.0
C0187,Accessories,10,33,77725.0,667225.0
C0343,Electronics,1,5,75000.0,127065.0
C0423,Accessories,9,35,74845.0,521595.0
C0456,Accessories,9,27,73475.0,1319975.0
C0134,Accessories,10,34,72425.0,192425.0
C0405,Accessories,8,30,72400.0,795650.0
C0416,Accessories,10,34,71495.0,453995.0
C0396,Electronics,1,5,71250.0,108625.0
C0321,Accessories,9,36,70525.0,576775.0
C0172,Electronics,2,4,69750.0,104200.0
C0286,Accessories,10,29,69525.0,891275.0
C0454,Accessories,9,33,68775.0,624775.0
C0232,Accessories,7,25,66050.0,469550.0
C0479,Accessories,12,33,65995.0,946495.0
C0273,Accessories,7,25,65490.0,343990.0
C0013,Accessories,8,27,65300.0,1132800.0
C0067,Accessories,9,29,63745.0,1148245.0
C0245,Accessories,9,27,63170.0,517920.0
C0184,Accessories,11,29,62810.0,920310.0
C0298,Accessories,8,27,62500.0,627750.0
C0473,Accessories,6,23,62050.0,600050.0
C0118,Accessories,13,34,61785.0,752035.0
C0087,Accessories,8,30,61675.0,573175.0
C0390,Accessories,11,27,61535.0,801785.0
C0072,Electronics,2,2,61500.0,86800.0
C0335,Accessories,11,33,61135.0,1173135.0
C0441,Accessories,10,30,61075.0,836075.0
C0346,Accessories,7,24,60875.0,412625.0
C0484,Accessories,6,23,60375.0,239125.0
C0115,Accessories,8,30,60065.0,807315.0
C0450,Accessories,7,25,59675.0,451425.0
C0109,Accessories,7,23,59550.0,1020550.0
C0023,Accessories,10,30,57870.0,476370.0
C0365,Accessories,10,28,57865.0,302865.0
C0289,Accessories,6,21,57825.0,549825.0
C0489,Accessories,5,20,57650.0,318400.0
C0036,Accessories,11,28,57475.0,669475.0
C0037,Accessories,7,22,57350.0,1134350.0
C0447,Accessories,8,26,57345.0,283845.0
C0089,Accessories,9,29,56645.0,568895.0
C0165,Accessories,6,19,56375.0,639625.0
C0466,Electronics,2,4,56250.0,137300.0
C0107,Accessories,7,21,55800.0,641050.0
C0385,Electronics,2,3,55500.0,107650.0
C0195,Accessories,8,21,54575.0,848325.0
C0422,Accessories,7,25,54575.0,668325.0
C0022,Electronics,1,4,54000.0,76675.0
C0482,Accessories,6,18,53575.0,1118325.0
C0246,Accessories,8,27,53495.0,626495.0
C0169,Accessories,8,26,53175.0,68175.0
C0138,Accessories,6,23,53095.0,770345.0
C0150,Accessories,6,19,52900.0,797150.0
C0220,Electronics,2,3,52500.0,79190.0
C0492,Accessories,8,26,52500.0,941000.0
C0156,Accessories,8,26,52485.0,472235.0
C0034,Accessories,9,27,52150.0,345400.0
C0385,Accessories,5,19,52150.0,107650.0
C0343,Accessories,7,23,52065.0,127065.0
C0474,Accessories,7,26,51805.0,408305.0
C0267,Accessories,9,28,51485.0,267735.0
C0167,Accessories,5,19,51175.0,204675.0
C0487,Electronics,1,4,51000.0,84200.0
C0105,Accessories,7,22,50875.0,431125.0
C0038,Accessories,7,21,50670.0,152670.0
C0278,Accessories,8,22,50535.0,464035.0
C0470,Accessories,6,21,50300.0,530550.0
C0316,Accessories,4,17,49950.0,743700.0
C0212,Accessories,8,29,49890.0,607890.0
C0337,Accessories,6,18,49475.0,298475.0
C0183,Accessories,7,21,49460.0,242210.0
C0364,Accessories,6,21,49375.0,637125.0
C0171,Accessories,6,19,49275.0,390275.0
C0126,Accessories,5,21,49225.0,759475.0
C0359,Accessories,11,26,49145.0,666145.0
C0174,Accessories,10,28,49055.0,424055.0
C0142,Accessories,8,20,48915.0,637415.0
C0341,Accessories,6,24,48875.0,450125.0
C0219,Accessories,7,22,48250.0,691000.0
C0392,Accessories,6,18,47460.0,632210.0
C0443,Accessories,7,22,46950.0,1212950.0
C0336,Accessories,8,24,45960.0,807460.0
C0410,Accessories,7,24,45880.0,1526130.0
C0356,Accessories,7,28,45800.0,127550.0
C0164,Accessories,7,18,45425.0,926425.0
C0088,Accessories,6,19,45200.0,571450.0
C0252,Accessories,7,26,45075.0,864575.0
C0214,Electronics,1,3,45000.0,59620.0
C0198,Accessories,7,24,44820.0,531320.0
C0452,Accessories,8,23,44645.0,483645.0
C0274,Accessories,7,19,44610.0,1105360.0
C0287,Accessories,5,19,44600.0,558850.0
C0293,Accessories,9,28,44580.0,443580.0
C0288,Accessories,8,20,44500.0,152500.0
C0296,Accessories,6,22,44495.0,355745.0
C0063,Accessories,5,20,44200.0,365200.0
C0048,Accessories,6,19,43975.0,871975.0
C0355,Accessories,8,21,43950.0,732450.0
C0285,Accessories,8,23,43945.0,615945.0
C0476,Accessories,6,19,43630.0,634880.0
C0282,Accessories,9,28,43185.0,323935.0
C0120,Accessories,6,19,43090.0,1000590.0
C0354,Accessories,9,24,43030.0,573030.0
C0227,Accessories,9,27,42965.0,549215.0
C0075,Accessories,8,22,42940.0,533940.0
C0498,Accessories,6,18,42920.0,287920.0
C0291,Accessories,4,13,42700.0,306200.0
C0490,Accessories,6,23,42655.0,419905.0
C0384,Accessories,5,17,42575.0,531575.0
C0467,Accessories,7,22,42520.0,1060770.0
C0009,Accessories,4,14,42275.0,358275.0
C0255,Accessories,6,18,42225.0,293475.0
C0333,Accessories,4,17,42205.0,341955.0
C0469,Accessories,6,24,42115.0,416615.0
C0002,Accessories,6,16,41600.0,300600.0
C0295,Accessories,7,24,41575.0,371075.0
C0091,Accessories,6,24,41175.0,611425.0
C0459,Accessories,5,17,40620.0,299370.0
C0096,Accessories,5,20,40565.0,489315.0
C0092,Accessories,8,20,40545.0,184545.0
C0418,Accessories,6,18,40285.0,597785.0
C0076,Accessories,5,19,40200.0,234950.0
C0269,Accessories,6,16,40200.0,477200.0
C0145,Accessories,7,27,40040.0,610540.0
C0477,Accessories,6,24,40030.0,520280.0
C0275,Accessories,5,19,39975.0,1266725.0
C0035,Accessories,8,19,39930.0,328680.0
C0049,Accessories,8,24,39930.0,550430.0
C0414,Accessories,9,23,39890.0,453890.0
C0430,Accessories,6,21,39825.0,563575.0
C0225,Accessories,7,15,39815.0,440315.0
C0161,Accessories,7,16,39700.0,600950.0
C0438,Accessories,5,15,39155.0,549655.0
C0203,Accessories,6,19,39105.0,788605.0
C0132,Accessories,6,17,39070.0,288070.0
C0196,Accessories,5,15,38875.0,439625.0
C0001,Accessories,5,17,38820.0,135820.0
C0283,Accessories,7,18,38630.0,450130.0
C0024,Accessories,3,12,38500.0,263000.0
C0139,Accessories,4,17,38475.0,293975.0
C0242,Accessories,5,15,38225.0,415725.0
C0176,Accessories,5,18,38085.0,876835.0
C0362,Accessories,6,17,37950.0,397950.0
C0396,Accessories,5,17,37375.0,108625.0
C0463,Accessories,9,29,37375.0,187375.0
C0304,Accessories,5,16,37105.0,825355.0
C0323,Accessories,6,21,37075.0,617575.0
C0254,Accessories,5,17,36925.0,270925.0
C0098,Accessories,5,14,36725.0,1152475.0
C0248,Accessories,5,22,36700.0,508450.0
C0366,Accessories,8,21,36670.0,323670.0
C0206,Accessories,7,18,36650.0,385150.0
C0157,Accessories,4,14,36405.0,449655.0
C0097,Accessories,5,17,36400.0,130900.0
C0457,Accessories,6,22,36390.0,722890.0
C0199,Accessories,5,17,35810.0,846310.0
C0239,Accessories,4,13,35750.0,530750.0
C0277,Accessories,6,23,35750.0,230750.0
C0324,Accessories,5,17,35700.0,355700.0
C0208,Accessories,6,18,35650.0,793650.0
C0368,Accessories,10,19,35630.0,244880.0
C0381,Accessories,4,13,35600.0,549850.0
C0221,Accessories,6,19,35375.0,781375.0
C0031,Accessories,7,19,35350.0,767600.0
C0186,Accessories,8,20,35260.0,383510.0
C0408,Accessories,6,15,35165.0,923915.0
C0094,Accessories,8,27,34850.0,550600.0
C0144,Accessories,5,13,34725.0,408725.0
C0244,Accessories,6,22,34695.0,989695.0
C0140,Accessories,5,15,34455.0,365455.0
C0172,Accessories,6,20,34450.0,104200.0
C0379,Electronics,1,1,34000.0,47050.0
C0025,Accessories,4,14,33850.0,516350.0
C0328,Accessories,5,18,33745.0,228745.0
C0185,Accessories,7,16,33700.0,604450.0
C0057,Accessories,5,13,33675.0,963925.0
C0071,Accessories,5,16,33650.0,269650.0
C0481,Accessories,4,13,33550.0,641300.0
C0442,Accessories,3,13,33500.0,959250.0
C0158,Accessories,4,16,33240.0,340990.0
C0352,Accessories,5,15,33200.0,504200.0
C0487,Accessories,4,13,33200.0,84200.0
C0016,Accessories,5,14,33050.0,1001050.0
C0056,Accessories,7,20,32850.0,732600.0
C0066,Accessories,4,12,32725.0,355225.0
C0461,Accessories,9,21,32605.0,357605.0
C0103,Accessories,8,16,32550.0,547300.0
C0426,Accessories,5,16,32450.0,226200.0
C0260,Accessories,6,18,32345.0,261845.0
C0104,Accessories,5,19,32270.0,772270.0
C0238,Accessories,5,15,32190.0,366190.0
C0437,Accessories,5,16,32060.0,1042310.0
C0302,Accessories,4,12,32025.0,1037275.0
C0122,Accessories,5,13,32010.0,150260.0
C0058,Accessories,8,18,31970.0,358970.0
C0222,Accessories,7,18,31740.0,741490.0
C0190,Accessories,4,12,31700.0,944700.0
C0224,Accessories,5,14,31700.0,384200.0
C0178,Accessories,4,15,31640.0,484140.0
C0270,Accessories,5,15,31600.0,382600.0
C0014,Accessories,6,20,31555.0,361805.0
C0462,Accessories,5,16,31525.0,568275.0
C0153,Accessories,3,12,31500.0,703500.0
C0050,Accessories,6,17,31400.0,1281650.0
C0377,Accessories,4,13,31400.0,485900.0
C0486,Accessories,6,20,31285.0,486535.0
C0280,Accessories,5,15,31275.0,710025.0
C0444,Accessories,6,16,31180.0,339430.0
C0133,Accessories,7,17,31050.0,242300.0
C0077,Accessories,3,12,31000.0,618750.0
C0249,Accessories,5,15,30845.0,265595.0
C0259,Accessories,5,12,30825.0,234325.0
C0241,Accessories,5,13,30800.0,221800.0
C0051,Accessories,7,19,30770.0,444270.0
C0102,Accessories,4,14,30750.0,1261750.0
C0236,Accessories,5,14,30750.0,372250.0
C0411,Accessories,6,17,30705.0,882955.0
C0369,Accessories,4,13,30580.0,560080.0
C0191,Accessories,4,12,30550.0,179050.0
C0402,Accessories,5,13,30520.0,853770.0
C0348,Accessories,3,11,30325.0,289825.0
C0382,Accessories,5,18,30280.0,318280.0
C0303,Accessories,4,12,30275.0,421275.0
C0386,Accessories,5,15,30250.0,332250.0
C0004,Accessories,6,17,30185.0,1108185.0
C0253,Accessories,5,16,30180.0,681430.0
C0406,Accessories,5,17,30125.0,995625.0
C0127,Accessories,5,12,30075.0,1523575.0
C0256,Electronics,1,2,30000.0,35190.0
C0251,Accessories,4,12,29925.0,574425.0
C0012,Accessories,5,16,29880.0,552880.0
C0338,Accessories,6,14,29865.0,473865.0
C0460,Accessories,5,14,29860.0,398610.0
C0290,Accessories,4,12,29820.0,363820.0
C0434,Accessories,5,12,29615.0,369615.0
C0432,Accessories,5,16,29425.0,932425.0
C0111,Accessories,6,16,29415.0,788665.0
C0188,Accessories,5,16,29200.0,266700.0
C0204,Accessories,6,17,29180.0,272930.0
C0201,Accessories,6,20,29075.0,191825.0
C0068,Accessories,4,16,28770.0,466270.0
C0310,Accessories,5,12,28710.0,463710.0
C0043,Accessories,4,14,28650.0,875650.0
C0141,Electronics,1,1,28500.0,52660.0
C0334,Accessories,3,9,28450.0,440950.0
C0143,Accessories,5,14,28175.0,1107175.0
C0044,Accessories,5,13,28125.0,478625.0
C0078,Accessories,3,11,28025.0,561025.0
C0123,Accessories,6,16,27785.0,925785.0
C0084,Accessories,5,12,27770.0,294020.0
C0011,Accessories,5,15,27650.0,483650.0
C0394,Accessories,4,13,27575.0,468075.0
C0018,Accessories,3,10,27500.0,989000.0
C0223,Accessories,4,11,27500.0,306250.0
C0375,Accessories,2,9,27475.0,577975.0
C0344,Accessories,4,14,27465.0,238465.0
C0093,Accessories,6,15,27345.0,370345.0
C0182,Accessories,5,16,27315.0,766815.0
C0202,Accessories,4,13,27275.0,668025.0
C0370,Accessories,4,12,27250.0,689500.0
C0106,Accessories,5,15,27220.0,260470.0
C0496,Accessories,6,16,27180.0,396680.0
C0446,Accessories,7,19,27160.0,198910.0
C0404,Accessories,2,9,27000.0,456750.0
C0424,Accessories,6,15,26975.0,404725.0
C0003,Accessories,5,10,26750.0,878500.0
C0179,Accessories,7,17,26725.0,714475.0
C0061,Accessories,5,12,26700.0,1126200.0
C0367,Accessories,3,10,26700.0,521450.0
C0220,Accessories,5,14,26690.0,79190.0
C0177,Accessories,7,13,26645.0,585395.0
C0160,Accessories,4,14,26575.0,332075.0
C0317,Accessories,3,11,26575.0,393075.0
C0229,Accessories,3,9,26525.0,482525.0
C0472,Accessories,5,17,26475.0,39975.0
C0264,Accessories,7,20,26420.0,633670.0
C0137,Accessories,5,15,26380.0,205130.0
C0465,Accessories,5,15,26375.0,181375.0
C0279,Accessories,6,15,26060.0,354310.0
C0128,Accessories,6,17,25970.0,675970.0
C0387,Accessories,3,10,25950.0,428950.0
C0170,Accessories,3,10,25925.0,142925.0
C0420,Accessories,3,9,25925.0,284175.0
C0131,Accessories,6,16,25620.0,550870.0
C0413,Accessories,6,16,25620.0,607620.0
C0095,Accessories,5,16,25565.0,408315.0
C0021,Accessories,4,12,25505.0,719755.0
C0072,Accessories,4,10,25300.0,86800.0
C0085,Accessories,5,16,25220.0,450470.0
C0266,Accessories,4,12,25180.0,1049680.0
C0433,Accessories,3,11,25175.0,368175.0
C0263,Accessories,5,16,25170.0,435170.0
C0235,Accessories,4,11,25160.0,675910.0
C0041,Accessories,4,12,25075.0,387075.0
C0383,Accessories,4,12,25000.0,732250.0
C0272,Accessories,5,13,24905.0,1226655.0
C0403,Accessories,7,16,24620.0,515870.0
C0495,Accessories,4,8,24550.0,855550.0
C0350,Accessories,4,14,24500.0,611500.0
C0475,Accessories,5,9,24475.0,185475.0
C0400,Accessories,4,8,24275.0,242775.0
C0378,Accessories,4,11,24230.0,1062230.0
C0065,Accessories,3,9,24175.0,412175.0
C0141,Accessories,4,14,24160.0,52660.0
C0146,Accessories,6,11,24150.0,545400.0
C0320,Accessories,4,13,24130.0,391130.0
C0194,Accessories,4,13,23970.0,858970.0
C0228,Accessories,5,9,23815.0,666065.0
C0376,Accessories,4,12,23810.0,283310.0
C0325,Accessories,5,13,23725.0,764475.0
C0342,Accessories,4,9,23725.0,592475.0
C0351,Accessories,6,13,23555.0,1022055.0
C0389,Accessories,4,10,23450.0,539450.0
C0292,Accessories,4,11,23380.0,1020630.0
C0147,Accessories,6,18,23330.0,642330.0
C0125,Accessories,5,18,23230.0,338230.0
C0101,Accessories,2,10,23125.0,613375.0
C0449,Accessories,2,9,23000.0,173500.0
C0308,Accessories,3,10,22975.0,281475.0
C0268,Accessories,3,7,22850.0,536600.0
C0318,Accessories,5,13,22850.0,980600.0
C0488,Accessories,3,9,22800.0,538300.0
C0082,Accessories,3,9,22725.0,552225.0
C0022,Accessories,4,10,22675.0,76675.0
C0108,Accessories,6,14,22570.0,771070.0
C0353,Accessories,6,10,22405.0,812905.0
C0395,Accessories,5,17,22275.0,627275.0
C0193,Accessories,4,13,22150.0,597650.0
C0329,Accessories,4,12,22050.0,231050.0
C0401,Accessories,4,11,21985.0,231985.0
C0155,Accessories,4,11,21885.0,262635.0
C0116,Accessories,4,9,21860.0,435610.0
C0163,Accessories,3,10,21800.0,904050.0
C0121,Accessories,3,7,21700.0,941200.0
C0391,Accessories,5,10,21675.0,472675.0
C0261,Accessories,4,11,21600.0,522600.0
C0483,Accessories,4,9,21440.0,241690.0
C0445,Accessories,3,10,21425.0,746175.0
C0315,Accessories,5,17,21140.0,115140.0
C0060,Accessories,4,13,20900.0,793650.0
C0471,Accessories,6,17,20890.0,264640.0
C0054,Accessories,2,9,20750.0,836500.0
C0330,Accessories,3,9,20725.0,328725.0
C0312,Accessories,3,9,20700.0,1025950.0
C0032,Accessories,6,14,20660.0,172160.0
C0205,Accessories,2,7,20625.0,353625.0
C0322,Accessories,3,14,20600.0,495850.0
C0300,Accessories,3,8,20425.0,1355175.0
C0340,Accessories,2,10,20375.0,536125.0
C0019,Accessories,5,13,20370.0,347620.0
C0215,Accessories,3,8,20325.0,1382075.0
C0358,Accessories,6,12,20325.0,324075.0
C0412,Accessories,4,11,20280.0,424530.0
C0230,Accessories,3,9,20250.0,648000.0
C0226,Accessories,5,19,19780.0,602530.0
C0361,Accessories,4,10,19730.0,526730.0
C0113,Accessories,4,10,19620.0,313620.0
C0360,Accessories,3,12,19540.0,593790.0
C0468,Accessories,5,9,19475.0,388475.0
C0217,Accessories,5,15,19340.0,328090.0
C0243,Accessories,3,10,19300.0,466300.0
C0006,Accessories,2,8,19100.0,193350.0
C0110,Accessories,3,11,19080.0,1085830.0
C0436,Accessories,4,15,18975.0,1044475.0
C0435,Accessories,4,12,18940.0,104440.0
C0371,Accessories,4,8,18760.0,297260.0
C0415,Accessories,3,9,18750.0,1032750.0
C0207,Accessories,5,16,18675.0,107175.0
C0326,Accessories,6,10,18560.0,1113810.0
C0493,Accessories,3,9,18500.0,657500.0
C0020,Accessories,4,9,18420.0,582170.0
C0380,Accessories,4,11,18260.0,475760.0
C0478,Accessories,4,9,18210.0,780460.0
C0099,Accessories,3,8,18100.0,571100.0
C0234,Accessories,3,7,17950.0,1169700.0
C0059,Accessories,2,8,17925.0,392925.0
C0130,Accessories,4,6,17825.0,227075.0
C0192,Accessories,3,7,17825.0,750075.0
C0028,Accessories,3,6,17800.0,432300.0
C0162,Accessories,2,8,17790.0,628790.0
C0294,Accessories,4,14,17730.0,378230.0
C0040,Accessories,6,17,17700.0,408450.0
C0500,Accessories,2,6,17625.0,848875.0
C0008,Accessories,3,7,17550.0,488550.0
C0154,Accessories,6,11,17510.0,616760.0
C0209,Accessories,6,18,17400.0,637900.0
C0136,Accessories,3,9,17360.0,231860.0
C0409,Accessories,3,9,17315.0,341315.0
C0135,Accessories,5,14,17255.0,1013005.0
C0299,Accessories,3,9,17250.0,438500.0
C0030,Accessories,3,10,17035.0,981285.0
C0431,Accessories,3,13,17010.0,703510.0
C0017,Accessories,2,6,16950.0,539200.0
C0046,Accessories,3,7,16850.0,513600.0
C0237,Accessories,3,10,16850.0,868100.0
C0007,Accessories,4,8,16625.0,191625.0
C0042,Accessories,4,13,16600.0,419600.0
C0332,Accessories,3,12,16600.0,288600.0
C0080,Accessories,2,7,16500.0,916500.0
C0398,Accessories,4,11,16250.0,870750.0
C0129,Accessories,2,7,16235.0,1044485.0
C0175,Accessories,2,8,16025.0,642775.0
C0314,Accessories,3,8,15950.0,637200.0
C0363,Accessories,3,7,15910.0,278410.0
C0073,Accessories,3,7,15830.0,174330.0
C0117,Accessories,4,9,15810.0,1104810.0
C0210,Accessories,4,10,15660.0,311160.0
C0399,Accessories,4,9,15560.0,249560.0
C0439,Accessories,5,11,15535.0,875035.0
C0200,Accessories,3,10,15300.0,339050.0
C0064,Accessories,3,8,15250.0,291250.0
C0491,Accessories,3,7,15250.0,832500.0
C0119,Accessories,2,7,15125.0,1076875.0
C0169,Electronics,1,1,15000.0,68175.0
C0453,Accessories,6,16,14900.0,437150.0
C0339,Accessories,3,11,14800.0,873550.0
C0214,Accessories,4,10,14620.0,59620.0
C0417,Accessories,4,10,14580.0,1033830.0
C0419,Accessories,2,6,14250.0,896000.0
C0497,Accessories,3,13,14040.0,542290.0
C0281,Accessories,3,8,14030.0,98030.0
C0258,Accessories,3,8,13765.0,969015.0
C0425,Accessories,3,6,13750.0,727750.0
C0327,Accessories,3,9,13680.0,568430.0
C0345,Accessories,6,11,13510.0,180510.0
C0472,Electronics,1,1,13500.0,39975.0
C0379,Accessories,3,7,13050.0,47050.0
C0152,Accessories,4,8,13040.0,586290.0
C0079,Accessories,2,10,12900.0,403900.0
C0015,Accessories,3,5,12600.0,110600.0
C0124,Accessories,1,4,12600.0,254600.0
C0166,Accessories,1,4,12600.0,492600.0
C0301,Accessories,1,4,12600.0,694850.0
C0211,Accessories,2,6,12525.0,286775.0
C0197,Accessories,3,11,12440.0,427940.0
C0045,Accessories,4,11,12360.0,493610.0
C0257,Accessories,2,6,12250.0,656500.0
C0100,Accessories,1,4,11900.0,844650.0
C0010,Accessories,3,6,11875.0,609875.0
C0284,Accessories,2,6,11850.0,580600.0
C0114,Accessories,3,15,11600.0,418100.0
C0373,Accessories,5,7,11600.0,256600.0
C0027,Accessories,2,5,11500.0,510750.0
C0388,Accessories,2,5,11500.0,737250.0
C0397,Accessories,4,6,11500.0,237500.0
C0372,Accessories,3,6,11350.0,687600.0
C0271,Accessories,3,5,11320.0,412070.0
C0112,Accessories,2,5,11125.0,423125.0
C0233,Accessories,3,6,11110.0,788610.0
C0331,Accessories,2,5,10750.0,504000.0
C0494,Accessories,2,4,10725.0,555225.0
C0464,Accessories,3,5,10700.0,226700.0
C0499,Accessories,2,5,10700.0,181700.0
C0180,Accessories,2,7,10660.0,1075160.0
C0062,Accessories,3,10,10460.0,295210.0
C0250,Accessories,3,6,10355.0,623105.0
C0039,Accessories,2,8,10150.0,332650.0
C0083,Accessories,1,4,10000.0,423250.0
C0265,Accessories,2,4,9900.0,349150.0
C0480,Accessories,3,7,9780.0,507780.0
C0262,Accessories,2,4,9525.0,184525.0
C0189,Accessories,3,10,9455.0,908455.0
C0151,Accessories,3,8,9240.0,461240.0
C0455,Accessories,3,8,9200.0,680700.0
C0349,Accessories,3,5,9120.0,831620.0
C0451,Accessories,1,5,9000.0,687500.0
C0448,Accessories,3,4,8400.0,979150.0
C0181,Accessories,3,10,8280.0,877280.0
C0026,Accessories,2,4,8175.0,1095675.0
C0458,Accessories,3,8,8120.0,1078620.0
C0347,Accessories,3,5,8080.0,120580.0
C0357,Accessories,2,4,8075.0,236075.0
C0069,Accessories,2,4,7900.0,870400.0
C0149,Accessories,2,4,7900.0,621150.0
C0247,Accessories,2,3,7760.0,158260.0
C0052,Accessories,3,8,7735.0,400735.0
C0168,Accessories,2,3,7575.0,790825.0
C0393,Accessories,2,10,7400.0,718400.0
C0407,Accessories,3,6,7375.0,182625.0
C0311,Accessories,3,5,7020.0,394020.0
C0427,Accessories,1,4,6800.0,740050.0
C0055,Accessories,2,6,6720.0,375220.0
C0074,Accessories,2,3,6125.0,710125.0
C0005,Accessories,1,3,6000.0,100500.0
C0216,Accessories,1,3,6000.0,733000.0
C0090,Accessories,1,2,5950.0,519700.0
C0240,Accessories,2,4,5780.0,758030.0
C0081,Accessories,2,2,5225.0,798725.0
C0256,Accessories,2,4,5190.0,35190.0
C0307,Accessories,2,5,5130.0,1475130.0
C0276,Accessories,1,2,4500.0,340000.0
C0070,Accessories,2,3,4080.0,328580.0
C0029,Accessories,1,2,4000.0,593250.0
C0218,Accessories,1,5,4000.0,421000.0
C0319,Accessories,2,3,3500.0,901250.0
C0047,Accessories,1,5,3400.0,334400.0
C0086,Accessories,1,2,3400.0,306400.0
C0309,Accessories,1,2,3400.0,597150.0
C0305,Accessories,2,3,3320.0,432070.0
C0429,Accessories,2,2,2500.0,508000.0
C0213,Accessories,1,2,1600.0,783850.0
C0440,Accessories,1,1,800.0,437800.0
